title,structural_archetype,primary_domain,sub_category,published_date,publish_day,publish_hour,views,likes,comments,engagement_rate_%,duration_formatted,thumbnail_url,url,video_id,description_clean
وہ دور مصطفٰی تھا میں مدینہ نبی میں تھا۔ صلی اللّٰہ علیہ والہ وسلم,General Discourse,General Public Address,Unassigned Overview Topics,2024-03-06,Wednesday,11,9987,121,2,1.23,03:01,https://i.ytimg.com/vi/SfnV9pSUDBA/hqdefault.jpg,https://youtube.com/watch?v=SfnV9pSUDBA,SfnV9pSUDBA,
"If you feel ummah as your own, Watch it!",General Discourse,Civilizational History & Seerah,Prophetic Era (Seerah),2024-03-01,Friday,3,9511,396,67,4.87,11:37,https://i.ytimg.com/vi/ioPGsbAOYFc/sddefault.jpg,https://youtube.com/watch?v=ioPGsbAOYFc,ioPGsbAOYFc,#quran #muhammad #khilafat #politics #vote #seerat #voter #imrankhan #gaza #unitednations
رسول اللہ صلی اللّٰہ علیہ وسلم اورکفار کا اصل جھگڑا کیا تھا؟,General Discourse,General Public Address,Unassigned Overview Topics,2024-01-25,Thursday,5,1852,137,0,7.4,01:00,https://i.ytimg.com/vi/Mg0rCBwkM-0/maxresdefault.jpg,https://youtube.com/watch?v=Mg0rCBwkM-0,Mg0rCBwkM-0,
What is State?,General Discourse,General Public Address,Unassigned Overview Topics,2024-06-10,Monday,13,1129,44,1,3.99,00:55,https://i.ytimg.com/vi/rcylPCYmrhM/maxresdefault.jpg,https://youtube.com/watch?v=rcylPCYmrhM,rcylPCYmrhM,
ایّاک نعبد وایّاک نستعین,General Discourse,General Public Address,Unassigned Overview Topics,2026-02-13,Friday,13,972,32,1,3.4,00:44,https://i.ytimg.com/vi/JBHkwJepOOo/maxresdefault.jpg,https://youtube.com/watch?v=JBHkwJepOOo,JBHkwJepOOo,
1. Fatiha to Baqara 27 | Ramzan 26,Standalone Keynotes,Socio-Spiritual Ethics & Family,Social & Family Ethics,2026-02-19,Thursday,5,773,26,0,3.36,01:16:50,https://i.ytimg.com/vi/pDfLWACswqY/maxresdefault.jpg,https://youtube.com/watch?v=pDfLWACswqY,pDfLWACswqY,"#quran #ramazan #tarjuma #tarjumaequran #muhammad A complete translation & short explanation of the Holy Quran; the Book of our only Lord; ALLAH. Please subscribe to our channel And Press the bell Button. Also, like our videos and share them with family and friends..."
Beware to oppose public rights movement,General Discourse,Civilizational History & Seerah,Prophetic Era (Seerah),2024-04-07,Sunday,7,744,61,0,8.2,00:39,https://i.ytimg.com/vi/diHb_vtD2zE/maxresdefault.jpg,https://youtube.com/watch?v=diHb_vtD2zE,diHb_vtD2zE,#muhammad #history #seerat #sahaba #sahabiyat #medical #medicine
Discussion of Aiman,Standalone Keynotes,Socio-Spiritual Ethics & Family,Social & Family Ethics,2024-07-08,Monday,5,728,7,0,0.96,01:00:11,https://i.ytimg.com/vi/un38nadMzwU/sddefault.jpg,https://youtube.com/watch?v=un38nadMzwU,un38nadMzwU,"#quran #ramazan #tarjuma #tarjumaequran #muhammad A complete translation & short explanation of the Holy Quran; the Book of our only Lord; ALLAH. Please subscribe to our channel And Press the bell Button. Also, like our videos and share them with family and friends..."
معراج | Iqbal & Quran with friends | ضربِ کلیم | Ep.10,General Discourse,Iqbalian Philosophy (Fikr-e-Iqbal),Zarb-e-Kalim,2023-04-01,Saturday,10,689,12,1,1.89,13:15,https://i.ytimg.com/vi/NUo9qrIKmPY/maxresdefault.jpg,https://youtube.com/watch?v=NUo9qrIKmPY,NUo9qrIKmPY,"A collective study of Kalam e Iqbal with reference to the Quran. #اقبال #کلام #قرآن #quran #iqbal #momin #poetry #iqbalpoetry Please subscribe to our channel And Press the bell Button. Also, like our videos and share them with family and friends..."
5A. Pursuits vs Purpose of Life,Standalone Keynotes,Socio-Spiritual Ethics & Family,Social & Family Ethics,2024-06-23,Sunday,5,636,8,0,1.26,01:01:56,https://i.ytimg.com/vi/p2XpUjtBJcI/sddefault.jpg,https://youtube.com/watch?v=p2XpUjtBJcI,p2XpUjtBJcI,"#quran #ramazan #tarjuma #tarjumaequran #muhammad A complete translation & short explanation of the Holy Quran; the Book of our only Lord; ALLAH. Please subscribe to our channel And Press the bell Button. Also, like our videos and share them with family and friends..."
2nd A. Khilafat and knowledge | خلافت اور علم,Standalone Keynotes,Islamic Political Systems,General Discussion,2024-06-01,Saturday,6,612,10,0,1.63,01:02:21,https://i.ytimg.com/vi/YjlANGnT5UA/sddefault.jpg,https://youtube.com/watch?v=YjlANGnT5UA,YjlANGnT5UA,"#quran #ramazan #tarjuma #tarjumaequran #muhammad A complete translation & short explanation of the Holy Quran; the Book of our only Lord; ALLAH. Please subscribe to our channel And Press the bell Button. Also, like our videos and share them with family and friends..."
4A. Who is Allah | Toheed in Modern times,Standalone Keynotes,Socio-Spiritual Ethics & Family,Social & Family Ethics,2024-06-15,Saturday,5,608,4,0,0.66,01:02:40,https://i.ytimg.com/vi/VGc6Rpx4GFA/sddefault.jpg,https://youtube.com/watch?v=VGc6Rpx4GFA,VGc6Rpx4GFA,"#quran #ramazan #tarjuma #tarjumaequran #muhammad A complete translation & short explanation of the Holy Quran; the Book of our only Lord; ALLAH. Please subscribe to our channel And Press the bell Button. Also, like our videos and share them with family and friends..."
6A. 3 point agenda for revival of ummah,Standalone Keynotes,Socio-Spiritual Ethics & Family,Social & Family Ethics,2024-06-29,Saturday,5,591,7,0,1.18,01:03:11,https://i.ytimg.com/vi/TqPmBLScX4I/sddefault.jpg,https://youtube.com/watch?v=TqPmBLScX4I,TqPmBLScX4I,"#quran #ramazan #tarjuma #tarjumaequran #muhammad A complete translation & short explanation of the Holy Quran; the Book of our only Lord; ALLAH. Please subscribe to our channel And Press the bell Button. Also, like our videos and share them with family and friends..."
Spouse relation in Quran,Standalone Keynotes,Socio-Spiritual Ethics & Family,Social & Family Ethics,2024-07-13,Saturday,5,561,11,0,1.96,01:02:36,https://i.ytimg.com/vi/XapDmzTgUYo/sddefault.jpg,https://youtube.com/watch?v=XapDmzTgUYo,XapDmzTgUYo,"#quran #ramazan #tarjuma #tarjumaequran #muhammad A complete translation & short explanation of the Holy Quran; the Book of our only Lord; ALLAH. Please subscribe to our channel And Press the bell Button. Also, like our videos and share them with family and friends..."
1st B. Q&A Fatiha,Standalone Keynotes,Socio-Spiritual Ethics & Family,Social & Family Ethics,2024-05-26,Sunday,5,560,9,2,1.96,01:01:15,https://i.ytimg.com/vi/M5ueBGBsneo/sddefault.jpg,https://youtube.com/watch?v=M5ueBGBsneo,M5ueBGBsneo,"#quran #ramazan #tarjuma #tarjumaequran #muhammad A complete translation & short explanation of the Holy Quran; the Book of our only Lord; ALLAH. Please subscribe to our channel And Press the bell Button. Also, like our videos and share them with family and friends..."
Aimaan. What does it give? Who gets it? How?,Standalone Keynotes,Socio-Spiritual Ethics & Family,Social & Family Ethics,2024-07-06,Saturday,5,541,9,2,2.03,01:00:46,https://i.ytimg.com/vi/_a8xaEpM1xs/sddefault.jpg,https://youtube.com/watch?v=_a8xaEpM1xs,_a8xaEpM1xs,"#quran #ramazan #tarjuma #tarjumaequran #muhammad A complete translation & short explanation of the Holy Quran; the Book of our only Lord; ALLAH. Please subscribe to our channel And Press the bell Button. Also, like our videos and share them with family and friends..."
1st A. First and foremost. Fatiha,Standalone Keynotes,Socio-Spiritual Ethics & Family,Social & Family Ethics,2024-05-25,Saturday,5,526,6,0,1.14,54:56,https://i.ytimg.com/vi/rXGsjxBkB0A/sddefault.jpg,https://youtube.com/watch?v=rXGsjxBkB0A,rXGsjxBkB0A,"#quran #ramazan #tarjuma #tarjumaequran #muhammad A complete translation & short explanation of the Holy Quran; the Book of our only Lord; ALLAH. Please subscribe to our channel And Press the bell Button. Also, like our videos and share them with family and friends..."
3A. What is Taqwa and Virtue by Quran,Standalone Keynotes,Socio-Spiritual Ethics & Family,Social & Family Ethics,2024-06-08,Saturday,5,458,6,2,1.75,01:00:10,https://i.ytimg.com/vi/5yHt9V7oSc4/sddefault.jpg,https://youtube.com/watch?v=5yHt9V7oSc4,5yHt9V7oSc4,"#quran #ramazan #tarjuma #tarjumaequran #muhammad A complete translation & short explanation of the Holy Quran; the Book of our only Lord; ALLAH. Please subscribe to our channel And Press the bell Button. Also, like our videos and share them with family and friends..."
تو غنی از ہر دو عالم من فقیر | I am begger,General Discourse,General Public Address,Unassigned Overview Topics,2023-11-27,Monday,2,457,25,0,5.47,00:43,https://i.ytimg.com/vi/jgw7LqCX2jM/maxresdefault.jpg,https://youtube.com/watch?v=jgw7LqCX2jM,jgw7LqCX2jM,
لا إله إلا الله | LA ILAHA ILALLAH | SPECIAL LECTURE -1 |,General Discourse,General Public Address,Unassigned Overview Topics,2022-11-04,Friday,14,452,34,4,8.41,52:57,https://i.ytimg.com/vi/BExCpJ8i6Fk/maxresdefault.jpg,https://youtube.com/watch?v=BExCpJ8i6Fk,BExCpJ8i6Fk,"SPECIAL LECTURE SERIES | CLASS-1 | ( لا إله إلا الله ) TOPIC - ( لا إله إلا الله ) #لااله_الاالله #کلمہ class-1 like , subscribe and share for more Islamic lectures"
Personal Talk | With Ayub Baig Mirza Sb | 02-Meeting with Dr Israr Ahmad (1968-1979),Serial Coursework,Civilizational History & Seerah,General Discussion,2023-01-23,Monday,6,442,13,0,2.94,37:31,https://i.ytimg.com/vi/J5yR0joQTZY/maxresdefault.jpg,https://youtube.com/watch?v=J5yR0joQTZY,J5yR0joQTZY,"Personal Discussion with Ayub Baig Mirza Sb, A Special Fellow of the late Dr. Israr Ahmad R.A. This episode shared personal and political memories from 1968 to 1979. From the 1971 war to the Bhutto period and Antibhutto movement to his death and Zia-ul Haq regime #drisrarahmed #ziaulhaq #bangladesh #eastpakistan #mujeeb #india #pakistanhistory #pakistan #bhutu #1971 war Please subscribe to our channel And Press Bell Button. So, You can receive our latest videos... Also, like our videos and share them with family and friends... If you have any questions or suggestions please let us know through..."
Love & Respect Your Spouses - A Short Reminder | Dora Tarjuma Quran 2023,Standalone Keynotes,Socio-Spiritual Ethics & Family,Spiritual Purification (Tazkiyah),2023-05-01,Monday,15,413,33,0,7.99,00:53,https://i.ytimg.com/vi/77QRMM8yoYs/maxresdefault.jpg,https://youtube.com/watch?v=77QRMM8yoYs,77QRMM8yoYs,@drhafizhaseeb #spouse #quran #قرآن #tarjuma #relationshipadvice #relationship #love of husband and wife
Sorat Rahman & Balance in the Universe and our Life,Standalone Keynotes,Socio-Spiritual Ethics & Family,Social & Family Ethics,2025-08-21,Thursday,6,412,21,2,5.58,02:49,https://i.ytimg.com/vi/H6D9lMuQO7M/maxresdefault.jpg,https://youtube.com/watch?v=H6D9lMuQO7M,H6D9lMuQO7M,"#quran #ramazan #tarjuma #tarjumaequran #muhammad A complete translation & short explanation of the Holy Quran; the Book of our only Lord; ALLAH. Please subscribe to our channel And Press the bell Button. Also, like our videos and share them with family and friends..."
Islamic state & politics,Standalone Keynotes,Islamic Political Systems,General Discussion,2024-07-20,Saturday,5,408,14,2,3.92,01:02:07,https://i.ytimg.com/vi/8T9ZVw22ntc/sddefault.jpg,https://youtube.com/watch?v=8T9ZVw22ntc,8T9ZVw22ntc,"#quran #ramazan #tarjuma #tarjumaequran #muhammad A complete translation & short explanation of the Holy Quran; the Book of our only Lord; ALLAH. Please subscribe to our channel And Press the bell Button. Also, like our videos and share them with family and friends..."
Should we vote? Why? How? To whom?,General Discourse,Constitutional Law & Statecraft,General Discussion,2024-02-07,Wednesday,6,404,29,3,7.92,24:28,https://i.ytimg.com/vi/zy-LMe7ofq8/maxresdefault.jpg,https://youtube.com/watch?v=zy-LMe7ofq8,zy-LMe7ofq8,"#election2024 #quran #muhammad #seerat #islam #politics #ibadat #khilafat #constitution #vote #voter #عبادت #خلافت #آئین_بچاؤ_ملک_بچاؤ #الیکشن_کراو_پاکستان_بچاو #شورٰی #ووٹ Please subscribe to our channel And Press the bell Button. Also, like our videos and share them with family and friends..."
8. Aal e Imran 110 to 200 | Ramzan 26,Standalone Keynotes,Socio-Spiritual Ethics & Family,Social & Family Ethics,2026-02-22,Sunday,8,391,10,1,2.81,01:36:05,https://i.ytimg.com/vi/v69LlB9lN00/maxresdefault.jpg,https://youtube.com/watch?v=v69LlB9lN00,v69LlB9lN00,"#quran #ramazan #tarjuma #tarjumaequran #muhammad A complete translation & short explanation of the Holy Quran; the Book of our only Lord; ALLAH. Please subscribe to our channel And Press the bell Button. Also, like our videos and share them with family and friends..."
مَنّ و سلوٰى vs لہسن پیاز,Standalone Keynotes,Socio-Spiritual Ethics & Family,Social & Family Ethics,2026-02-19,Thursday,5,390,19,1,5.13,00:55,https://i.ytimg.com/vi/05vrQcZrPW0/maxresdefault.jpg,https://youtube.com/watch?v=05vrQcZrPW0,05vrQcZrPW0,"#quran #ramazan #tarjuma #tarjumaequran #muhammad A complete translation & short explanation of the Holy Quran; the Book of our only Lord; ALLAH. Please subscribe to our channel And Press the bell Button. Also, like our videos and share them with family and friends..."
Seerat un Nabi ﷺ class 1 | سیرت النبیﷺ کلاس 1 | سلسلہ رسالت اور مقصدِ بعثتِ محمدیﷺ,Serial Coursework,Civilizational History & Seerah,Prophetic Era (Seerah),2022-12-09,Friday,2,382,21,2,6.02,57:33,https://i.ytimg.com/vi/08Fmz5R3Zxw/maxresdefault.jpg,https://youtube.com/watch?v=08Fmz5R3Zxw,08Fmz5R3Zxw,"A short course on Seerat un Nabi ﷺ | Class 1/5 حضرت آدمؑ سے عیسیٰؑ تک سلسہ رسالت مقصدِ محمدیﷺ Chain of prophethood | From ADAM to ESA (A.S) Purpose of prophet Muhammad SAW. #muhammad #prophetmuhammad #prophet #prophets #سیرت_نبوی #سیرت_النبی #سیرت #ابراہیم #موسی #seerat #seeratunnabi Please subscribe to our channel And Press Bell Button. So, You can receive our latest videos... Also, like our videos and share them with family and friends... If you have any questions or suggestions please let us know through your valuable comments... Thanks for watching this video"
2. Baqara 27 to 82 | Ramzan 26,Standalone Keynotes,Socio-Spiritual Ethics & Family,Social & Family Ethics,2026-02-19,Thursday,7,380,15,1,4.21,01:10:31,https://i.ytimg.com/vi/2VYqqmEG4tE/maxresdefault.jpg,https://youtube.com/watch?v=2VYqqmEG4tE,2VYqqmEG4tE,"#quran #ramazan #tarjuma #tarjumaequran #muhammad A complete translation & short explanation of the Holy Quran; the Book of our only Lord; ALLAH. Please subscribe to our channel And Press the bell Button. Also, like our videos and share them with family and friends..."
4B. Current Toheedi Movements and Impact,Standalone Keynotes,Socio-Spiritual Ethics & Family,Social & Family Ethics,2024-06-16,Sunday,5,374,3,0,0.8,01:04:05,https://i.ytimg.com/vi/2zbzN9enX3g/sddefault.jpg,https://youtube.com/watch?v=2zbzN9enX3g,2zbzN9enX3g,"#quran #ramazan #tarjuma #tarjumaequran #muhammad A complete translation & short explanation of the Holy Quran; the Book of our only Lord; ALLAH. Please subscribe to our channel And Press the bell Button. Also, like our videos and share them with family and friends..."
علم ہے ابن الکتاب۔۔ عشق ہے ام الکتاب,General Discourse,General Public Address,Unassigned Overview Topics,2025-11-20,Thursday,3,362,28,1,8.01,01:01,https://i.ytimg.com/vi/pWa1vUNPVrs/maxresdefault.jpg,https://youtube.com/watch?v=pWa1vUNPVrs,pWa1vUNPVrs,
Spouse relations | Discussion ,Standalone Keynotes,Socio-Spiritual Ethics & Family,Social & Family Ethics,2024-07-15,Monday,5,362,6,2,2.21,59:58,https://i.ytimg.com/vi/NgxDdJs4d5M/sddefault.jpg,https://youtube.com/watch?v=NgxDdJs4d5M,NgxDdJs4d5M,"#quran #ramazan #tarjuma #tarjumaequran #muhammad A complete translation & short explanation of the Holy Quran; the Book of our only Lord; ALLAH. Please subscribe to our channel And Press the bell Button. Also, like our videos and share them with family and friends..."
اللہ ضرور ہدایت دے گا | Allah will guide surely,General Discourse,General Public Address,Unassigned Overview Topics,2023-11-26,Sunday,2,362,32,0,8.84,00:46,https://i.ytimg.com/vi/Sr0ytchh410/maxresdefault.jpg,https://youtube.com/watch?v=Sr0ytchh410,Sr0ytchh410,
01- Fatiha | Dora Tarjuma Quran 2023,Standalone Keynotes,Socio-Spiritual Ethics & Family,Social & Family Ethics,2023-04-12,Wednesday,10,350,36,2,10.86,34:38,https://i.ytimg.com/vi/GXLVngR0CZc/maxresdefault.jpg,https://youtube.com/watch?v=GXLVngR0CZc,GXLVngR0CZc,"A complete translation & short explanation of the Holy Quran; the Book of our only Lord; ALLAH. Please subscribe to our channel And Press the bell Button. Also, like our videos and share them with family and friends..."
حسبنا اللہ ونعم الوکیل,Standalone Keynotes,Socio-Spiritual Ethics & Family,Social & Family Ethics,2026-02-21,Saturday,21,342,6,1,2.05,00:35,https://i.ytimg.com/vi/mOjHFfcjxgE/maxresdefault.jpg,https://youtube.com/watch?v=mOjHFfcjxgE,mOjHFfcjxgE,"#quran #ramazan #tarjuma #tarjumaequran #muhammad A complete translation & short explanation of the Holy Quran; the Book of our only Lord; ALLAH. Please subscribe to our channel And Press the bell Button. Also, like our videos and share them with family and friends..."
Personal Talk | With Ayub Baig Mirza Sb | 01-Early Life,Serial Coursework,Iqbalian Philosophy (Fikr-e-Iqbal),General Discussion,2023-01-15,Sunday,17,339,19,1,5.9,01:00:00,https://i.ytimg.com/vi/eDQ_lyr0Efo/maxresdefault.jpg,https://youtube.com/watch?v=eDQ_lyr0Efo,eDQ_lyr0Efo,"Personal Discussion with Ayub Baig Mirza Sb, A Special Fellow of the late Dr. Israr Ahmad R.A. In this episode, Late personal and political memories of childhood and adulthood were shared from pre-partition to the 1965 Indo-Pak war. #drisrarahmed #iqbal #ghandi #1965war Please subscribe to our channel And Press Bell Button. So, You can receive our latest videos... Also, like our videos and share them with family and friends... If you have any questions or suggestions please let us know through your valuable comments... Thanks for watching this video..."
Islamic Politics vs our politics,Standalone Keynotes,Socio-Spiritual Ethics & Family,Social & Family Ethics,2024-07-22,Monday,5,330,2,0,0.61,59:54,https://i.ytimg.com/vi/VSULSM0HU8E/sddefault.jpg,https://youtube.com/watch?v=VSULSM0HU8E,VSULSM0HU8E,"#quran #ramazan #tarjuma #tarjumaequran #muhammad A complete translation & short explanation of the Holy Quran; the Book of our only Lord; ALLAH. Please subscribe to our channel And Press the bell Button. Also, like our videos and share them with family and friends..."
عوامی مینڈیٹ کا احترام اور خلافت #tarjuma #quran #muhammad #khilafat #politics #vote #,Standalone Keynotes,Islamic Political Systems,General Discussion,2024-02-10,Saturday,4,329,35,0,10.64,01:01,https://i.ytimg.com/vi/cmeWqoYe-zo/maxresdefault.jpg,https://youtube.com/watch?v=cmeWqoYe-zo,cmeWqoYe-zo,
3 B. Taqwa & Virtue | Estern Vs Western,Standalone Keynotes,Socio-Spiritual Ethics & Family,Social & Family Ethics,2024-06-09,Sunday,5,327,7,0,2.14,01:02:35,https://i.ytimg.com/vi/Yo5s9mzVMY0/sddefault.jpg,https://youtube.com/watch?v=Yo5s9mzVMY0,Yo5s9mzVMY0,"#quran #ramazan #tarjuma #tarjumaequran #muhammad A complete translation & short explanation of the Holy Quran; the Book of our only Lord; ALLAH. Please subscribe to our channel And Press the bell Button. Also, like our videos and share them with family and friends..."
Personal Talk | With Ayub Baig Mirza Sb | 03-Zia ul Haq Era (1979-1989),Serial Coursework,Civilizational History & Seerah,General Discussion,2023-01-29,Sunday,15,327,16,0,4.89,47:38,https://i.ytimg.com/vi/CYO6pDRsCsA/maxresdefault.jpg,https://youtube.com/watch?v=CYO6pDRsCsA,CYO6pDRsCsA,"Personal Discussion with Ayub Baig Mirza Sb, A Special Fellow of the late Dr. Israr Ahmad R.A. This episode shared personal and political memories from 1979 to 1989. Zia ul Haq era in which so-called Islamization was seen with political repression of opponents. #ziaulhaq #russian #communism #america #israrahmad #pakistanhistory Please subscribe to our channel And Press Bell Button. So, You can receive our latest videos... Also, like our videos and share them with family and friends... If you have any questions or suggestions please let us know through your valuable comments... Thanks for watch..."
5B. What is Deen | Toheed & Justice,Standalone Keynotes,Socio-Spiritual Ethics & Family,Social & Family Ethics,2024-06-24,Monday,5,297,4,0,1.35,01:06:10,https://i.ytimg.com/vi/3fEacEQ2S00/sddefault.jpg,https://youtube.com/watch?v=3fEacEQ2S00,3fEacEQ2S00,"#quran #ramazan #tarjuma #tarjumaequran #muhammad A complete translation & short explanation of the Holy Quran; the Book of our only Lord; ALLAH. Please subscribe to our channel And Press the bell Button. Also, like our videos and share them with family and friends..."
Personal Talk | With Dr. Abdul Samie Sb | 06 - Early life & Meeting Dr. Israr Ahmad R.A,Public Dialogue,Socio-Spiritual Ethics & Family,Social & Family Ethics,2023-03-12,Sunday,14,287,20,2,7.67,42:10,https://i.ytimg.com/vi/Zz5x3YrppjM/maxresdefault.jpg,https://youtube.com/watch?v=Zz5x3YrppjM,Zz5x3YrppjM,"#drisrarahmed #nomanalikhan #drabdussamie #amirsohail #quranacademyfsd #quranacademy #quran Personal Discussion with Dr. Abdul Samie Sb, A Special Fellow of the late Dr. Israr Ahmad R.A. and Teacher of Ustad Noman Ali Khan and Amir Sohail sb. Please subscribe to our channel And Press the bell Button. Also, like our videos and share them with family and friends..."
Lady doctors of Madina,General Discourse,General Public Address,Unassigned Overview Topics,2024-04-07,Sunday,11,280,14,2,5.71,00:31,https://i.ytimg.com/vi/f_cRW1p-gWA/maxresdefault.jpg,https://youtube.com/watch?v=f_cRW1p-gWA,f_cRW1p-gWA,
Ramazan & Seerat #quran #muhammad #seerat,General Discourse,Civilizational History & Seerah,Prophetic Era (Seerah),2023-04-04,Tuesday,21,279,47,1,17.2,01:00,https://i.ytimg.com/vi/Clv6ajAZ5x4/maxresdefault.jpg,https://youtube.com/watch?v=Clv6ajAZ5x4,Clv6ajAZ5x4,
Sectarianism & Amr bil màrof & Nahi anil munkar,Standalone Keynotes,Socio-Spiritual Ethics & Family,Social & Family Ethics,2024-06-30,Sunday,5,272,6,1,2.57,01:01:06,https://i.ytimg.com/vi/a_N0MjBOrhE/sddefault.jpg,https://youtube.com/watch?v=a_N0MjBOrhE,a_N0MjBOrhE,"#quran #ramazan #tarjuma #tarjumaequran #muhammad A complete translation & short explanation of the Holy Quran; the Book of our only Lord; ALLAH. Please subscribe to our channel And Press the bell Button. Also, like our videos and share them with family and friends..."
Seerat un Nabi ﷺ class 5 | مدنی زندگی | ریاستِ مدینہ اور جہاد وقتال,General Discourse,Civilizational History & Seerah,Prophetic Era (Seerah),2023-01-02,Monday,14,267,17,1,6.74,01:11:21,https://i.ytimg.com/vi/9khLpsB8VUU/maxresdefault.jpg,https://youtube.com/watch?v=9khLpsB8VUU,9khLpsB8VUU,"A short course on Seerat un Nabi ﷺ | Class 5/5 ریاستِ مدینہ اور جہاد و قتال | مدنی دور #madina #islamicsystem #jihad #holywar #ghazwa #muslimsociety #ghazwaebadar #جہاد #قتال #ریاست مدینہ #صلح #فتح #hijarah of Prophet Muhammad SAW Life of prophet Muhammad SAW. #muhammad #prophetmuhammad #prophet #سیرت_نبوی #سیرت_النبی #سیرت #seerat #seeratunnabi Please subscribe to our channel And Press Bell Button. So, You can receive our latest videos... Also, like our videos and share them with family and friends... If you have any questions or suggestions please let us know through your valuable comments....."
Shikwa | شکوہ | Kalam e Iqbal | کلامِ اقبال,Public Dialogue,Iqbalian Philosophy (Fikr-e-Iqbal),Shikwa / Jawab-e-Shikwa,2022-11-08,Tuesday,19,265,23,4,10.19,50:10,https://i.ytimg.com/vi/Mw_-EPf1TRQ/maxresdefault.jpg,https://youtube.com/watch?v=Mw_-EPf1TRQ,Mw_-EPf1TRQ,"Shikwa | شکوہ | Kalam e Iqbal | کلامِ اقبال #iqbal #iqbalpoetry #shikwajawabeshikwa lecture 1 Like, subscribe, and share for more such lectures"
Shame -1| حیا و پاکبازی | Intro & background | Special Lecture 9,General Discourse,Constitutional Law & Statecraft,Amendments & Legal History,2023-01-26,Thursday,12,262,21,0,8.02,38:35,https://i.ytimg.com/vi/F5FE47FNxVk/maxresdefault.jpg,https://youtube.com/watch?v=F5FE47FNxVk,F5FE47FNxVk,"Sex Discipline in Islam -1 | قصہ آدم و ابلیس Special Lecture Series # 9 This will be a group of lectures about the Quranic descriptions of Islamic principles of Shame, Chastity, Sex Discipline, and refraining from vulgarity. #vulgarity #shame #Chastity #Sex_discipline #Adam_Eve #shatan Please subscribe to our channel And Press the bell Button. So, You can receive our latest videos... Also, like our videos and share them with family and friends... If you have any questions or suggestions please let us know through your valuable comments... Thanks for watching this video..."
2nd B. Khilafat & Knowledge | Discussion,Standalone Keynotes,Civilizational History & Seerah,Empires & Caliphates,2024-06-02,Sunday,6,254,7,1,3.15,01:00:06,https://i.ytimg.com/vi/opHmyhHAUp0/sddefault.jpg,https://youtube.com/watch?v=opHmyhHAUp0,opHmyhHAUp0,"#quran #ramazan #tarjuma #tarjumaequran #muhammad A complete translation & short explanation of the Holy Quran; the Book of our only Lord; ALLAH. Please subscribe to our channel And Press the bell Button. Also, like our videos and share them with family and friends..."
Jawab e Shikwaa~ جوابِ شکوہ ~ Kalam e Iqbal ~ کلامِ اقبال,Public Dialogue,Iqbalian Philosophy (Fikr-e-Iqbal),Shikwa / Jawab-e-Shikwa,2022-11-09,Wednesday,6,254,18,2,7.87,01:04:55,https://i.ytimg.com/vi/ICJx06ln7S0/maxresdefault.jpg,https://youtube.com/watch?v=ICJx06ln7S0,ICJx06ln7S0,"Jawab e Shikwaa~ جوابِ شکوہ ~ Kalam e Iqbal ~ کلامِ اقبال Like, subscribe, and share for more such lectures"
خدا کی آواز,Standalone Keynotes,Socio-Spiritual Ethics & Family,Social & Family Ethics,2026-02-25,Wednesday,20,250,12,2,5.6,00:35,https://i.ytimg.com/vi/mrzpKSPVJUg/maxresdefault.jpg,https://youtube.com/watch?v=mrzpKSPVJUg,mrzpKSPVJUg,"#quran #ramazan #tarjuma #tarjumaequran #muhammad A complete translation & short explanation of the Holy Quran; the Book of our only Lord; ALLAH. Please subscribe to our channel And Press the bell Button. Also, like our videos and share them with family and friends..."
#quran #iqbal     For complete 10 min clip series... https://youtu.be/2vQKX3Vxa5o,General Discourse,Iqbalian Philosophy (Fikr-e-Iqbal),General Discussion,2023-03-08,Wednesday,2,248,32,2,13.71,01:00,https://i.ytimg.com/vi/GZ5NMHf7Lzk/maxresdefault.jpg,https://youtube.com/watch?v=GZ5NMHf7Lzk,GZ5NMHf7Lzk,
Personal Talk | With Ayub Baig Mirza Sb | 04- 1990s part-1,Serial Coursework,Civilizational History & Seerah,General Discussion,2023-02-11,Saturday,9,248,14,2,6.45,39:39,https://i.ytimg.com/vi/bxwrphMdd9E/maxresdefault.jpg,https://youtube.com/watch?v=bxwrphMdd9E,bxwrphMdd9E,"Personal Discussion with Ayub Baig Mirza Sb, A Special Fellow of the late Dr. Israr Ahmad R.A. This episode shared personal and political memories from the 1990s. Era of political instability, corruption, terrorism, loans #nawazsharif #imrankhan #america #israrahmad #pakistanhistory Please subscribe to our channel And Press Bell Button. So, You can receive our latest videos... Also, like our videos and share them with family and friends... If you have any questions or suggestions please let us know through your valuable comments... Thanks for watching this video..."
"47. Sora Yaseen, Saffat, Saad | Ramzan 26",Standalone Keynotes,Socio-Spiritual Ethics & Family,Social & Family Ethics,2026-03-12,Thursday,6,246,10,0,4.07,02:10:33,https://i.ytimg.com/vi/nmGP7wUlA_g/maxresdefault.jpg,https://youtube.com/watch?v=nmGP7wUlA_g,nmGP7wUlA_g,"#quran #ramazan #tarjuma #tarjumaequran #muhammad A complete translation & short explanation of the Holy Quran; the Book of our only Lord; ALLAH. Please subscribe to our channel And Press the bell Button. Also, like our videos and share them with family and friends..."
رسول اللہ صلی اللّٰہ علیہ وسلم اورکفار کا اصل جھگڑا کیا تھا؟,General Discourse,General Public Address,Unassigned Overview Topics,2024-01-25,Thursday,5,242,19,2,8.68,01:01,https://i.ytimg.com/vi/hoGlCHTyYf8/maxresdefault.jpg,https://youtube.com/watch?v=hoGlCHTyYf8,hoGlCHTyYf8,
02- Baqara R1-4 | Dora Tarjuma Quran 2023,Standalone Keynotes,Socio-Spiritual Ethics & Family,Social & Family Ethics,2023-04-13,Thursday,10,242,14,1,6.2,54:51,https://i.ytimg.com/vi/bYGc5v9JoE8/maxresdefault.jpg,https://youtube.com/watch?v=bYGc5v9JoE8,bYGc5v9JoE8,"#quran #ramazan #tarjuma #tarjumaequran #muhammad A complete translation & short explanation of the Holy Quran; the Book of our only Lord; ALLAH. Please subscribe to our channel And Press the bell Button. Also, like our videos and share them with family and friends..."
Last Sermon of Hajj. Human rights charter.,General Discourse,General Public Address,Unassigned Overview Topics,2025-06-10,Tuesday,0,241,25,8,13.69,10:36,https://i.ytimg.com/vi/BnQGxePUof0/sddefault.jpg,https://youtube.com/watch?v=BnQGxePUof0,BnQGxePUof0,#humanrights #quran #ramazan #muhammad #islam #lastsermon
محمد رسول اللہﷺ | MUHAMMAD RASOOLULLAH (SAW) | SPECIAL LECTURE  -2 |,General Discourse,Civilizational History & Seerah,General Historical Reflections,2022-11-16,Wednesday,15,241,34,4,15.77,58:30,https://i.ytimg.com/vi/pHSRLJksMs4/maxresdefault.jpg,https://youtube.com/watch?v=pHSRLJksMs4,pHSRLJksMs4,"SPECIAL LECTURE SERIES | CLASS-2 | ( محمد رسول اللہﷺ ) TOPIC - ( محمد رسول اللہﷺ ) #muhammad rasoolulllah class-2 like , subscribe and share for more Islamic lectures"
53. Sora Muhammad & Fatah | Ramzan 26,Standalone Keynotes,Socio-Spiritual Ethics & Family,Social & Family Ethics,2026-03-14,Saturday,8,231,4,0,1.73,01:58:44,https://i.ytimg.com/vi/kwgrdLcSVRI/maxresdefault.jpg,https://youtube.com/watch?v=kwgrdLcSVRI,kwgrdLcSVRI,"#quran #ramazan #tarjuma #tarjumaequran #muhammad A complete translation & short explanation of the Holy Quran; the Book of our only Lord; ALLAH. Please subscribe to our channel And Press the bell Button. Also, like our videos and share them with family and friends..."
65- Shuaraa R5-11/A69-227 | Dora Tarjuma Quran,Standalone Keynotes,Socio-Spiritual Ethics & Family,Social & Family Ethics,2024-02-11,Sunday,4,230,8,0,3.48,33:18,https://i.ytimg.com/vi/yLs66XW7Nqc/maxresdefault.jpg,https://youtube.com/watch?v=yLs66XW7Nqc,yLs66XW7Nqc,"#quran #ramazan #tarjuma #tarjumaequran #muhammad A complete translation & short explanation of the Holy Quran; the Book of our only Lord; ALLAH. Please subscribe to our channel And Press the bell Button. Also, like our videos and share them with family and friends... Please subscribe to our channel And Press the bell Button. Also, like our videos and share them with family and friends..."
East Pakistan Tragedy | سانحہ مشرقی پاکستان۔ کرنے کا اصل کام | Khutba e Jumma,General Discourse,Civilizational History & Seerah,General Discussion,2022-12-18,Sunday,10,230,10,2,5.22,23:25,https://i.ytimg.com/vi/2vOcYwHgIxg/maxresdefault.jpg,https://youtube.com/watch?v=2vOcYwHgIxg,2vOcYwHgIxg,"Khutba e Jumma 16-12-22 | سورۃ بنی اسرائیل رکوع 1 East Pakistan Tragedy | سانحہ مشرقی پاکستان۔ کرنے کا اصل کام #eastpakistan #bangladesh #pakistanhistory What are the real reasons for the fall of Bengal #ummat e Muslima Please subscribe to our channel And Press Bell Button. So, You can receive our latest videos... Also, like our videos and share them with family and friends... If you have any questions or suggestions please let us know through your valuable comments... Thanks for watching this video..."
1. Quranic Arabic Class | Gender & Capacity,Standalone Keynotes,Socio-Spiritual Ethics & Family,Social & Family Ethics,2025-01-29,Wednesday,5,228,22,5,11.84,01:26:53,https://i.ytimg.com/vi/0QnDGSRbQ_A/maxresdefault.jpg,https://youtube.com/watch?v=0QnDGSRbQ_A,0QnDGSRbQ_A,"#quran #ramazan #tarjuma #tarjumaequran #muhammad #arabic #grammar #arabicgrammarlessons #arabiclanguage #dictionary #quraniclanguage A complete translation & short explanation of the Holy Quran; the Book of our only Lord; ALLAH. Please subscribe to our channel And Press the bell Button. Also, like our videos and share them with family and friends..."
Dear Mentor,Standalone Keynotes,Socio-Spiritual Ethics & Family,Social & Family Ethics,2023-11-21,Tuesday,8,226,17,2,8.41,10:36,https://i.ytimg.com/vi/Eq67xdPrpKA/maxresdefault.jpg,https://youtube.com/watch?v=Eq67xdPrpKA,Eq67xdPrpKA,"#quran #ramazan #tarjuma #tarjumaequran #muhammad A complete translation & short explanation of the Holy Quran; the Book of our only Lord; ALLAH. Please subscribe to our channel And Press the bell Button. Also, like our videos and share them with family and friends... Please subscribe to our channel And Press the bell Button. Also, like our videos and share them with family and friends..."
54. Sora Hujurat | Ramzan 26,Standalone Keynotes,Socio-Spiritual Ethics & Family,Social & Family Ethics,2026-03-15,Sunday,6,221,7,0,3.17,01:55:53,https://i.ytimg.com/vi/zmudTf3nMxU/maxresdefault.jpg,https://youtube.com/watch?v=zmudTf3nMxU,zmudTf3nMxU,"#quran #ramazan #tarjuma #tarjumaequran #muhammad A complete translation & short explanation of the Holy Quran; the Book of our only Lord; ALLAH. Please subscribe to our channel And Press the bell Button. Also, like our videos and share them with family and friends..."
اللہ کی رحمت بڑھتی ہے ۔۔ کم نہیں ہوتی #quran #muhammad #ramazan #قرآن #ramadan #pakistan,General Discourse,General Public Address,Unassigned Overview Topics,2023-04-03,Monday,10,220,47,2,22.27,01:00,https://i.ytimg.com/vi/NkN1ywpN4XE/maxresdefault.jpg,https://youtube.com/watch?v=NkN1ywpN4XE,NkN1ywpN4XE,@drhafizhaseeb #quran #ramazan #pakistan #currentaffairs #قرآن #muhammad #ramadan #jumma #tahajjud
"Khilafat, Constitution, Election | Should We Vote? Why?",General Discourse,Constitutional Law & Statecraft,General Discussion,2024-02-02,Friday,3,216,15,7,10.19,51:09,https://i.ytimg.com/vi/SQ0FRlBbSK4/maxresdefault.jpg,https://youtube.com/watch?v=SQ0FRlBbSK4,SQ0FRlBbSK4,"#election2024 #quran #muhammad #seerat #islam #politics #ibadat #khilafat #constitution #vote #voter #عبادت #خلافت #آئین_بچاؤ_ملک_بچاؤ #الیکشن_کراو_پاکستان_بچاو #شورٰی #ووٹ Please subscribe to our channel And Press the bell Button. Also, like our videos and share them with family and friends..."
ذٰلِكَ الكِتابُ | This is The Book,Standalone Keynotes,Socio-Spiritual Ethics & Family,Social & Family Ethics,2026-02-19,Thursday,5,213,7,0,3.29,00:40,https://i.ytimg.com/vi/YhCE9n0bROY/maxresdefault.jpg,https://youtube.com/watch?v=YhCE9n0bROY,YhCE9n0bROY,"#quran #ramazan #tarjuma #tarjumaequran #muhammad A complete translation & short explanation of the Holy Quran; the Book of our only Lord; ALLAH. Please subscribe to our channel And Press the bell Button. Also, like our videos and share them with family and friends..."
1. Fatiha & Baqarah 1-39 # Dora Quran 2025,Standalone Keynotes,Socio-Spiritual Ethics & Family,Social & Family Ethics,2025-03-01,Saturday,17,207,11,1,5.8,01:06:58,https://i.ytimg.com/vi/5EL0HVbS4tE/maxresdefault.jpg,https://youtube.com/watch?v=5EL0HVbS4tE,5EL0HVbS4tE,"#quran #ramazan #tarjuma #tarjumaequran #muhammad A complete translation & short explanation of the Holy Quran; the Book of our only Lord; ALLAH. Please subscribe to our channel And Press the bell Button. Also, like our videos and share them with family and friends..."
Spouse relationship -1 | میاں بیوی کا تعلق | Mian biwi ka taaluq | Special Lecture 14,General Discourse,Socio-Spiritual Ethics & Family,Social & Family Ethics,2023-02-13,Monday,3,206,15,1,7.77,35:35,https://i.ytimg.com/vi/WBbuZzGb2z8/maxresdefault.jpg,https://youtube.com/watch?v=WBbuZzGb2z8,WBbuZzGb2z8,"Spouse relationship -1 | میاں بیوی کا تعلق | Special Lecture 14 This is a group of lectures about the Quranic descriptions of Islamic principles of Spouse relationships, Please subscribe to our channel And Press the bell Button. So, You can receive our latest videos... Also, like our videos and share them with family and friends... If you have any questions or suggestions please let us know through your valuable comments... Thanks for watching this video.."
The Just & Balancing Ummat. A Role Model for Humanity,Standalone Keynotes,Socio-Spiritual Ethics & Family,Social & Family Ethics,2025-08-21,Thursday,6,204,24,6,14.71,07:48,https://i.ytimg.com/vi/-8N25B-g6Zc/maxresdefault.jpg,https://youtube.com/watch?v=-8N25B-g6Zc,-8N25B-g6Zc,"#quran #ramazan #tarjuma #tarjumaequran #muhammad A complete translation & short explanation of the Holy Quran; the Book of our only Lord; ALLAH. Please subscribe to our channel And Press the bell Button. Also, like our videos and share them with family and friends..."
آئین کیا ہے؟ #voter #politics #quran #vote #khilafat #muhammad #seerat #عبادت,General Discourse,Civilizational History & Seerah,Prophetic Era (Seerah),2024-02-07,Wednesday,18,203,21,0,10.34,01:00,https://i.ytimg.com/vi/mB7Q4OtIkG0/maxresdefault.jpg,https://youtube.com/watch?v=mB7Q4OtIkG0,mB7Q4OtIkG0,
Road Traffic in Islam | ٹریفک کی تعلیماتِ نبویؐ,Standalone Keynotes,Socio-Spiritual Ethics & Family,Social & Family Ethics,2023-11-10,Friday,16,202,13,3,7.92,25:27,https://i.ytimg.com/vi/MtdikIZBBoE/maxresdefault.jpg,https://youtube.com/watch?v=MtdikIZBBoE,MtdikIZBBoE,"#quran #ramazan #tarjuma #tarjumaequran #muhammad #traffic #trafficpolice #trafficupdates #helmet #seatbelts #pathway #trafficsignals A complete translation & short explanation of the Holy Quran; the Book of our only Lord; ALLAH. Please subscribe to our channel And Press the bell Button. Also, like our videos and share them with family and friends... Please subscribe to our channel And Press the bell Button. Also, like our videos and share them with family and friends..."
Dajjal & Qadyaniat | دجالیت اور قادیانیت,Standalone Keynotes,Socio-Spiritual Ethics & Family,Social & Family Ethics,2024-02-26,Monday,16,194,5,2,3.61,27:16,https://i.ytimg.com/vi/7Lw3fTizGnk/maxresdefault.jpg,https://youtube.com/watch?v=7Lw3fTizGnk,7Lw3fTizGnk,"#quran #ramazan #tarjuma #tarjumaequran #muhammad Please subscribe to our channel And Press the bell Button. Also, like our videos and share them with family and friends..."
Defintion of Taqwa in Quran,Standalone Keynotes,Socio-Spiritual Ethics & Family,Social & Family Ethics,2025-08-26,Tuesday,14,192,21,3,12.5,02:31,https://i.ytimg.com/vi/yj6IgS6B7jg/maxresdefault.jpg,https://youtube.com/watch?v=yj6IgS6B7jg,yj6IgS6B7jg,"#quran #ramazan #tarjuma #tarjumaequran #muhammad A complete translation & short explanation of the Holy Quran; the Book of our only Lord; ALLAH. Please subscribe to our channel And Press the bell Button. Also, like our videos and share them with family and friends..."
Spouse relationship -2 | میاں بیوی کے مسائل کا قرآنی حل |  Special Lecture 15,General Discourse,Socio-Spiritual Ethics & Family,Social & Family Ethics,2023-02-15,Wednesday,4,190,17,2,10.0,49:45,https://i.ytimg.com/vi/93o5wl9mYeg/maxresdefault.jpg,https://youtube.com/watch?v=93o5wl9mYeg,93o5wl9mYeg,"Spouse relationship -2 | میاں بیوی کے مسائل کا قرآنی حل | Special Lecture 15 This is a group of lectures about the Quranic descriptions of Islamic principles of Spouse relationships, Please subscribe to our channel And Press the bell Button. So, You can receive our latest videos... Also, like our videos and share them with family and friends... If you have any questions or suggestions please let us know through your valuable comments... Thanks for watching this video.."
Overseas voters & Islam #voter #politics #khilafat #quran #vote #seerat #muhammad,General Discourse,Civilizational History & Seerah,Prophetic Era (Seerah),2024-02-07,Wednesday,18,189,27,0,14.29,01:01,https://i.ytimg.com/vi/RDNWKg30Zto/maxresdefault.jpg,https://youtube.com/watch?v=RDNWKg30Zto,RDNWKg30Zto,
Fair Trail | منصفانہ حقِ سماعت,General Discourse,Constitutional Law & Statecraft,Amendments & Legal History,2023-12-10,Sunday,7,189,8,0,4.23,11:08,https://i.ytimg.com/vi/zauT-37geyI/maxresdefault.jpg,https://youtube.com/watch?v=zauT-37geyI,zauT-37geyI,"Combined study and discussion on Constitution of Pakistan #fairtrial #constitutionalrights #humanrights #state #fundamentalrights #treason #constitution #pakistan #quran #islam #constitutionallaw #constitution_making #قرارداد Please subscribe to our channel And Press the bell Button. Also, like our videos and share them with family and friends..."
"ظالم اور متقی کی زندگی، موت، قبر اور حشر | Life, Death, Grave & Resurrection",General Discourse,Socio-Spiritual Ethics & Family,Social & Family Ethics,2023-12-07,Thursday,1,188,6,1,3.72,27:00,https://i.ytimg.com/vi/NsrgFCLSLAY/maxresdefault.jpg,https://youtube.com/watch?v=NsrgFCLSLAY,NsrgFCLSLAY,"Please subscribe to our channel And Press the bell Button. Also, like our videos and share them with family and friends..."
40. Sora Namal | Ramzan 26,Standalone Keynotes,Socio-Spiritual Ethics & Family,Social & Family Ethics,2026-03-09,Monday,6,187,4,0,2.14,01:30:21,https://i.ytimg.com/vi/uu-uWIi5uQE/maxresdefault.jpg,https://youtube.com/watch?v=uu-uWIi5uQE,uu-uWIi5uQE,"#quran #ramazan #tarjuma #tarjumaequran #muhammad A complete translation & short explanation of the Holy Quran; the Book of our only Lord; ALLAH. Please subscribe to our channel And Press the bell Button. Also, like our videos and share them with family and friends..."
Insan or Ummat ki Azmaish #quran,General Discourse,General Public Address,Unassigned Overview Topics,2026-02-21,Saturday,21,187,12,0,6.42,01:01,https://i.ytimg.com/vi/wHBdzmJPE24/maxresdefault.jpg,https://youtube.com/watch?v=wHBdzmJPE24,wHBdzmJPE24,
مسلم آئین ہوا کافر تو ملے حوروقصور #khilafat #politics #quran #muhammad,General Discourse,Constitutional Law & Statecraft,General Discussion,2024-02-10,Saturday,4,186,28,1,15.59,01:00,https://i.ytimg.com/vi/eE2pEAfCdCk/maxresdefault.jpg,https://youtube.com/watch?v=eE2pEAfCdCk,eE2pEAfCdCk,
Physical Fitness in Islam | اسلام اور جسمانی فٹنس,General Discourse,Civilizational History & Seerah,Prophetic Era (Seerah),2024-05-10,Friday,18,184,14,4,9.78,23:41,https://i.ytimg.com/vi/ty2PchkIQD0/maxresdefault.jpg,https://youtube.com/watch?v=ty2PchkIQD0,ty2PchkIQD0,#muhammad #quran #sahaba #sahabiyat #seerat #excercise #physiotherapy #obesity #physical #physicaleducation #gym #horseriding #swimming #running #training #ground
Reality of Man and its Creation | انسان کی حقیقت اور تخلیق کے مختلف مراحل | Special lecture 4-A,Serial Coursework,Socio-Spiritual Ethics & Family,Social & Family Ethics,2022-12-05,Monday,16,182,14,3,9.34,30:51,https://i.ytimg.com/vi/tftLF_ompWY/maxresdefault.jpg,https://youtube.com/watch?v=tftLF_ompWY,tftLF_ompWY,"lecture 4-A Special lecture series (see part B too) Reality of Man and its Creation | انسان کی حقیقت اور تخلیق کے مختلف مراحل #Creation of Man #Reality of man #rooh Please subscribe to our channel And Press Bell Button. So, You can received our latest videos... Also like our videos and share with family and friends... If you have any questions or suggestions please let us know through your valuable comments... Thanks for watching this video..."
Momin and Prayer | مومن اورنماز | Khutbah e Jumma,Standalone Keynotes,Socio-Spiritual Ethics & Family,Social & Family Ethics,2023-01-13,Friday,14,181,14,1,8.29,30:44,https://i.ytimg.com/vi/cckX5GazxW4/maxresdefault.jpg,https://youtube.com/watch?v=cckX5GazxW4,cckX5GazxW4,"Khutba e Jumma 13-01-23 | مومن اور نماز | نماز سے کیا ملتا ہے؟ | How should I pray? | What will I get from salat and prayer? #momin #salat #namaz #prayer #نماز #مومن #فلاح Please subscribe to our channel And Press Bell Button. So, You can receive our latest videos... Also, like our videos and share them with family and friends... If you have any questions or suggestions please let us know through your valuable comments... Thanks for watching this video..."
30. Sora Kahaf | Ramzan 26,Standalone Keynotes,Socio-Spiritual Ethics & Family,Social & Family Ethics,2026-03-05,Thursday,6,180,4,0,2.22,01:24:56,https://i.ytimg.com/vi/LOLbMPOtLyw/maxresdefault.jpg,https://youtube.com/watch?v=LOLbMPOtLyw,LOLbMPOtLyw,"#quran #ramazan #tarjuma #tarjumaequran #muhammad A complete translation & short explanation of the Holy Quran; the Book of our only Lord; ALLAH. Please subscribe to our channel And Press the bell Button. Also, like our videos and share them with family and friends..."
Seerat un Nabi ﷺ class 2 | ؐعرب کے حالات اور چالیس سالہ حیاتِ طیبہ,General Discourse,Civilizational History & Seerah,Prophetic Era (Seerah),2022-12-13,Tuesday,16,179,17,4,11.73,01:10:22,https://i.ytimg.com/vi/wWIJ5-zOgIU/maxresdefault.jpg,https://youtube.com/watch?v=wWIJ5-zOgIU,wWIJ5-zOgIU,"A short course on Seerat un Nabi ﷺ | Class 2/5 ؐعرب کے حالات اور چالیس سالہ حیاتِ طیبہ #arab condition before Prohet Muhammad SAW Life of prophet Muhammad SAW. #muhammad #prophetmuhammad #prophet #prophets #سیرت_نبوی #سیرت_النبی #سیرت #seerat #seeratunnabi Please subscribe to our channel And Press Bell Button. So, You can receive our latest videos... Also, like our videos and share them with family and friends... If you have any questions or suggestions please let us know through your valuable comments... Thanks for watching this video"
12- Zarb e Kaleem | زمین و آسمان | ضربِ کلیم,General Discourse,Iqbalian Philosophy (Fikr-e-Iqbal),Zarb-e-Kalim,2023-09-25,Monday,5,178,16,2,10.11,19:08,https://i.ytimg.com/vi/1JaeCgNOfc0/maxresdefault.jpg,https://youtube.com/watch?v=1JaeCgNOfc0,1JaeCgNOfc0,"A collective study of Kalam e Iqbal with reference to the Quran. #iqbal #iqbalpoetry #zarbekaleem Please subscribe to our channel And Press the bell Button. Also, like our videos and share them with family and friends..."
5. Baqara 189 to 242 | Ramzan 26,Standalone Keynotes,Socio-Spiritual Ethics & Family,Social & Family Ethics,2026-02-21,Saturday,5,177,13,0,7.34,01:39:00,https://i.ytimg.com/vi/dFkolVhUReY/maxresdefault.jpg,https://youtube.com/watch?v=dFkolVhUReY,dFkolVhUReY,"#quran #ramazan #tarjuma #tarjumaequran #muhammad A complete translation & short explanation of the Holy Quran; the Book of our only Lord; ALLAH. Please subscribe to our channel And Press the bell Button. Also, like our videos and share them with family and friends..."
16. Aaraf 1 to 53 | Ramzan 26,Standalone Keynotes,Socio-Spiritual Ethics & Family,Social & Family Ethics,2026-02-26,Thursday,7,176,6,2,4.55,49:23,https://i.ytimg.com/vi/VG-GKtmbSaA/maxresdefault.jpg,https://youtube.com/watch?v=VG-GKtmbSaA,VG-GKtmbSaA,"#quran #ramazan #tarjuma #tarjumaequran #muhammad A complete translation & short explanation of the Holy Quran; the Book of our only Lord; ALLAH. Please subscribe to our channel And Press the bell Button. Also, like our videos and share them with family and friends..."
Intro & Importance of Constitution | آئینِ کا تعارف اور اہمیت | Ep-01,Serial Coursework,Constitutional Law & Statecraft,General Discussion,2023-07-12,Wednesday,20,176,13,0,7.39,21:18,https://i.ytimg.com/vi/qLOZmO6Raag/maxresdefault.jpg,https://youtube.com/watch?v=qLOZmO6Raag,qLOZmO6Raag,"#constitution #pakistan #quran #islam Please subscribe to our channel And Press the bell Button. Also, like our videos and share them with family and friends..."
28. Sora AlNahal 51 to 128 | Ramzan 26,Standalone Keynotes,Socio-Spiritual Ethics & Family,Social & Family Ethics,2026-03-04,Wednesday,6,174,4,0,2.3,01:35:47,https://i.ytimg.com/vi/ukumyf-pVMM/maxresdefault.jpg,https://youtube.com/watch?v=ukumyf-pVMM,ukumyf-pVMM,"#quran #ramazan #tarjuma #tarjumaequran #muhammad A complete translation & short explanation of the Holy Quran; the Book of our only Lord; ALLAH. Please subscribe to our channel And Press the bell Button. Also, like our videos and share them with family and friends..."
7. Aal e Imran 1 to 109 | Ramzan 26,Standalone Keynotes,Socio-Spiritual Ethics & Family,Social & Family Ethics,2026-02-22,Sunday,6,174,14,0,8.05,02:05:16,https://i.ytimg.com/vi/UTD0281pcvo/maxresdefault.jpg,https://youtube.com/watch?v=UTD0281pcvo,UTD0281pcvo,"#quran #ramazan #tarjuma #tarjumaequran #muhammad A complete translation & short explanation of the Holy Quran; the Book of our only Lord; ALLAH. Please subscribe to our channel And Press the bell Button. Also, like our videos and share them with family and friends..."
10 personality types of human beings in the light of Quran | انسانوں کی دس اقسام |Special Lecture 7B,General Discourse,Socio-Spiritual Ethics & Family,Social & Family Ethics,2023-01-11,Wednesday,13,174,16,1,9.77,18:24,https://i.ytimg.com/vi/cazk7PoBDBU/maxresdefault.jpg,https://youtube.com/watch?v=cazk7PoBDBU,cazk7PoBDBU,"10 personality types of human beings in the light of the Quran | انسانوں کی دس اقسام | Who am I? | Special Lecture series # 7B There are 10 personality traits described in the Quran with the title of ومن الناس من۔۔۔۔۔۔ let's see who we are? #human #personalitytraits #personality #personaldevelopment #selfimprovement #quran Please subscribe to our channel And Press the bell Button. So, You can receive our latest videos... Also, like our videos and share them with family and friends... If you have any questions or suggestions please let us know through your valuable comments... Thanks for watchi..."
3. Baqara 83 to 141 | Ramzan 26,Standalone Keynotes,Socio-Spiritual Ethics & Family,Social & Family Ethics,2026-02-20,Friday,5,173,18,1,10.98,01:15:18,https://i.ytimg.com/vi/yGlyvtuq9vU/maxresdefault.jpg,https://youtube.com/watch?v=yGlyvtuq9vU,yGlyvtuq9vU,"#quran #ramazan #tarjuma #tarjumaequran #muhammad A complete translation & short explanation of the Holy Quran; the Book of our only Lord; ALLAH. Please subscribe to our channel And Press the bell Button. Also, like our videos and share them with family and friends..."
Article 1-6 | آئین کے بنیادی آرٹیکلز | Ep-04,Serial Coursework,Constitutional Law & Statecraft,Constitutional Articles Breakdown,2023-11-05,Sunday,5,171,9,0,5.26,23:34,https://i.ytimg.com/vi/2Tqy6pxCbiE/maxresdefault.jpg,https://youtube.com/watch?v=2Tqy6pxCbiE,2Tqy6pxCbiE,"#treason #constitution #pakistan #quran #islam #constitution_making #constitutionallaw #constitution_making #قرارداد Please subscribe to our channel And Press the bell Button. Also, like our videos and share them with family and friends..."
Reformation of a Muslim society|مسلم معاشرے کی اصلاح کا طریقہ کار| Khutba e Jumma,General Discourse,Civilizational History & Seerah,Prophetic Era (Seerah),2022-12-01,Thursday,15,171,23,3,15.2,25:24,https://i.ytimg.com/vi/s2dzb5LuPjk/maxresdefault.jpg,https://youtube.com/watch?v=s2dzb5LuPjk,s2dzb5LuPjk,"#khutbajummah - 18-11-2022 - The process of reformation in a Muslim society in the light of seerat un Nabi ﷺ۔ Process of Prophetic Revolution. رسولِ انقلابؐ کا طریقہ انقلاب منہجِ انقلابِ نبویﷺ دعوت، تربیت، تنظیم، صبر، تعمیلِ شریعت و استحکام، اقدام و تصادم پر امن، منظم اور عوامی جدوجہد Please subscribe to our channel And Press Bell Button. So, You can received our latest videos... Also like our videos and share with family and friends... If you have any questions or suggestions please let us know through your valuable comments... Thanks for watching this video..."
41. Sora Qasas | Ramzan 26,Standalone Keynotes,Socio-Spiritual Ethics & Family,Social & Family Ethics,2026-03-09,Monday,7,170,4,0,2.35,01:20:36,https://i.ytimg.com/vi/BFZJnhiyjNA/maxresdefault.jpg,https://youtube.com/watch?v=BFZJnhiyjNA,BFZJnhiyjNA,"#quran #ramazan #tarjuma #tarjumaequran #muhammad A complete translation & short explanation of the Holy Quran; the Book of our only Lord; ALLAH. Please subscribe to our channel And Press the bell Button. Also, like our videos and share them with family and friends..."
صنم کدہ ہے جہاں لا الہ الا اللہ| Iqbal & Quran with friends | ضربِ کلیم | Ep.04,General Discourse,Iqbalian Philosophy (Fikr-e-Iqbal),Zarb-e-Kalim,2023-02-19,Sunday,11,169,16,1,10.06,08:44,https://i.ytimg.com/vi/X-oNjc40saQ/maxresdefault.jpg,https://youtube.com/watch?v=X-oNjc40saQ,X-oNjc40saQ,"A collective study of Kalam e Iqbal with reference to the Quran. Please subscribe to our channel And Press the bell Button. Also, like our videos and share them with family and friends..."
4. Baqara 142 to 188 | Ramzan 26,Standalone Keynotes,Socio-Spiritual Ethics & Family,Social & Family Ethics,2026-02-20,Friday,6,168,10,0,5.95,01:10:56,https://i.ytimg.com/vi/1wLQ8NEcVW4/maxresdefault.jpg,https://youtube.com/watch?v=1wLQ8NEcVW4,1wLQ8NEcVW4,"#quran #ramazan #tarjuma #tarjumaequran #muhammad A complete translation & short explanation of the Holy Quran; the Book of our only Lord; ALLAH. Please subscribe to our channel And Press the bell Button. Also, like our videos and share them with family and friends..."
Join us this year #tarjumaequran  https://maps.app.goo.gl/FDSR4wpXbUg9eKoaA?g_st=aw,Standalone Keynotes,General Public Address,Unassigned Overview Topics,2026-02-14,Saturday,4,168,4,1,2.98,00:42,https://i.ytimg.com/vi/0k3uakKw0hs/maxresdefault.jpg,https://youtube.com/watch?v=0k3uakKw0hs,0k3uakKw0hs,
2. Baqarah 40-103 # Dora Quran 2025,Standalone Keynotes,Socio-Spiritual Ethics & Family,Social & Family Ethics,2025-03-02,Sunday,6,168,8,0,4.76,54:35,https://i.ytimg.com/vi/t35x761yA-o/maxresdefault.jpg,https://youtube.com/watch?v=t35x761yA-o,t35x761yA-o,"#quran #ramazan #tarjuma #tarjumaequran #muhammad A complete translation & short explanation of the Holy Quran; the Book of our only Lord; ALLAH. Please subscribe to our channel And Press the bell Button. Also, like our videos and share them with family and friends..."
اسلام کا معاشی عدل #quran,General Discourse,General Public Address,Unassigned Overview Topics,2023-08-31,Thursday,15,168,20,0,11.9,00:31,https://i.ytimg.com/vi/wJhL5WmDtZQ/maxresdefault.jpg,https://youtube.com/watch?v=wJhL5WmDtZQ,wJhL5WmDtZQ,
44. Sora Sajda & Ahzab 1 to 40 | Ramzan ,Standalone Keynotes,Socio-Spiritual Ethics & Family,Social & Family Ethics,2026-03-11,Wednesday,6,161,5,0,3.11,01:55:22,https://i.ytimg.com/vi/dLuUc-YfMcc/maxresdefault.jpg,https://youtube.com/watch?v=dLuUc-YfMcc,dLuUc-YfMcc,"#quran #ramazan #tarjuma #tarjumaequran #muhammad A complete translation & short explanation of the Holy Quran; the Book of our only Lord; ALLAH. Please subscribe to our channel And Press the bell Button. Also, like our videos and share them with family and friends..."
2. Quranic Arabic Class | Status & Number,Standalone Keynotes,Socio-Spiritual Ethics & Family,Social & Family Ethics,2025-01-30,Thursday,4,155,11,1,7.74,01:17:31,https://i.ytimg.com/vi/eScSmv7FHpU/maxresdefault.jpg,https://youtube.com/watch?v=eScSmv7FHpU,eScSmv7FHpU,"#quran #ramazan #tarjuma #tarjumaequran #muhammad #arabic #grammar #arabicgrammarlessons #arabiclanguage #dictionary #quraniclanguage A complete translation & short explanation of the Holy Quran; the Book of our only Lord; ALLAH. Please subscribe to our channel And Press the bell Button. Also, like our videos and share them with family and friends..."
62. Sora Jinn to Sora Inshiqaq | Ramzan 26,Standalone Keynotes,Socio-Spiritual Ethics & Family,Social & Family Ethics,2026-03-18,Wednesday,8,153,7,0,4.58,01:33:25,https://i.ytimg.com/vi/SfvBi5hyTF0/maxresdefault.jpg,https://youtube.com/watch?v=SfvBi5hyTF0,SfvBi5hyTF0,"#quran #ramazan #tarjuma #tarjumaequran #muhammad A complete translation & short explanation of the Holy Quran; the Book of our only Lord; ALLAH. Please subscribe to our channel And Press the bell Button. Also, like our videos and share them with family and friends..."
49. Sora Momin | Ramzan 26,Standalone Keynotes,Socio-Spiritual Ethics & Family,Social & Family Ethics,2026-03-13,Friday,5,153,5,0,3.27,01:07:36,https://i.ytimg.com/vi/kAUWh9wljaI/maxresdefault.jpg,https://youtube.com/watch?v=kAUWh9wljaI,kAUWh9wljaI,"#quran #ramazan #tarjuma #tarjumaequran #muhammad A complete translation & short explanation of the Holy Quran; the Book of our only Lord; ALLAH. Please subscribe to our channel And Press the bell Button. Also, like our videos and share them with family and friends..."
Seerat un Nabi ﷺ class 3 | مکی دورِ نبویؐ ۔ دعوت و تربیت,General Discourse,Civilizational History & Seerah,Prophetic Era (Seerah),2022-12-20,Tuesday,8,153,10,1,7.19,01:08:18,https://i.ytimg.com/vi/agj_VloVwsA/maxresdefault.jpg,https://youtube.com/watch?v=agj_VloVwsA,agj_VloVwsA,"A short course on Seerat un Nabi ﷺ | Class 3/5 ؐمکی دورِ نبویؐ ۔ دعوت و تربیت #dawah #tarbiyah #habsha #دعوت #تربیت #makkah life of Prophet Muhammad SAW Life of prophet Muhammad SAW. #muhammad #prophetmuhammad #prophet #سیرت_نبوی #سیرت_النبی #سیرت #seerat #seeratunnabi Please subscribe to our channel And Press Bell Button. So, You can receive our latest videos... Also, like our videos and share them with family and friends... If you have any questions or suggestions please let us know through your valuable comments... Thanks for watching this video"
Balance is the Basis of Universe & Islam,Standalone Keynotes,Socio-Spiritual Ethics & Family,Social & Family Ethics,2025-08-25,Monday,5,152,16,2,11.84,02:55,https://i.ytimg.com/vi/-1-Rg2Ky-zI/maxresdefault.jpg,https://youtube.com/watch?v=-1-Rg2Ky-zI,-1-Rg2Ky-zI,"#quran #ramazan #tarjuma #tarjumaequran #muhammad A complete translation & short explanation of the Holy Quran; the Book of our only Lord; ALLAH. Please subscribe to our channel And Press the bell Button. Also, like our videos and share them with family and friends..."
Liver is a Vital Blessing of Allah. Protect it.,Standalone Keynotes,Socio-Spiritual Ethics & Family,Social & Family Ethics,2025-08-29,Friday,4,151,14,1,9.93,01:31,https://i.ytimg.com/vi/_946bpyWh4k/maxresdefault.jpg,https://youtube.com/watch?v=_946bpyWh4k,_946bpyWh4k,"#quran #ramazan #tarjuma #tarjumaequran #muhammad A complete translation & short explanation of the Holy Quran; the Book of our only Lord; ALLAH. Please subscribe to our channel And Press the bell Button. Also, like our videos and share them with family and friends..."
14. Anaam 1-140 # Dora Quran 2025,Standalone Keynotes,Socio-Spiritual Ethics & Family,Social & Family Ethics,2025-03-07,Friday,19,148,7,5,8.11,01:27:43,https://i.ytimg.com/vi/SnrUHlVTKKg/maxresdefault.jpg,https://youtube.com/watch?v=SnrUHlVTKKg,SnrUHlVTKKg,"#quran #ramazan #tarjuma #tarjumaequran #muhammad A complete translation & short explanation of the Holy Quran; the Book of our only Lord; ALLAH. Please subscribe to our channel And Press the bell Button. Also, like our videos and share them with family and friends..."
Injustice with Imran khan. In the name of Allah?,Standalone Keynotes,General Public Address,Unassigned Overview Topics,2024-07-08,Monday,15,147,10,3,8.84,02:01,https://i.ytimg.com/vi/8ePywhOazs8/sddefault.jpg,https://youtube.com/watch?v=8ePywhOazs8,8ePywhOazs8,#muhammad #quranicstudies #tarjuma #imrankhan #politics #justice #judiciary
How to prosper?,General Discourse,General Public Address,Unassigned Overview Topics,2024-07-08,Monday,2,146,12,0,8.22,01:01,https://i.ytimg.com/vi/xSrNdZFZcQM/maxresdefault.jpg,https://youtube.com/watch?v=xSrNdZFZcQM,xSrNdZFZcQM,#supremecourt #justice #imrankhan #pakistan #judiciary
ISLAM and SECULARISM | SPECIAL LECTURE -3 |,General Discourse,General Public Address,Unassigned Overview Topics,2022-11-29,Tuesday,14,146,21,1,15.07,57:36,https://i.ytimg.com/vi/kk4aKu44qsM/maxresdefault.jpg,https://youtube.com/watch?v=kk4aKu44qsM,kk4aKu44qsM,"SPECIAL LECTURE SERIES | CLASS-3 | (ISLAM & SECULARISM ) TOPIC - (ISLAM & SECULARISM ) class-3 like, subscribe, and share for more Islamic lectures"
13. Maida 51 to 120 | Ramzan 26,Standalone Keynotes,Socio-Spiritual Ethics & Family,Social & Family Ethics,2026-02-25,Wednesday,5,145,15,0,10.34,01:42:35,https://i.ytimg.com/vi/R_pv3iOuFj0/maxresdefault.jpg,https://youtube.com/watch?v=R_pv3iOuFj0,R_pv3iOuFj0,"#quran #ramazan #tarjuma #tarjumaequran #muhammad A complete translation & short explanation of the Holy Quran; the Book of our only Lord; ALLAH. Please subscribe to our channel And Press the bell Button. Also, like our videos and share them with family and friends..."
24. Sorat Yusuf # Dora Quran 2025,Standalone Keynotes,Socio-Spiritual Ethics & Family,Social & Family Ethics,2025-03-13,Thursday,7,142,12,1,9.15,02:03:35,https://i.ytimg.com/vi/Ib9_RrB5TUQ/maxresdefault.jpg,https://youtube.com/watch?v=Ib9_RrB5TUQ,Ib9_RrB5TUQ,"#quran #ramazan #tarjuma #tarjumaequran #muhammad A complete translation & short explanation of the Holy Quran; the Book of our only Lord; ALLAH. Please subscribe to our channel And Press the bell Button. Also, like our videos and share them with family and friends..."
19. Sora Anfaal complete | Ramzan 26,Standalone Keynotes,Socio-Spiritual Ethics & Family,Social & Family Ethics,2026-02-28,Saturday,5,141,8,0,5.67,01:42:11,https://i.ytimg.com/vi/td3j0PAzBOg/maxresdefault.jpg,https://youtube.com/watch?v=td3j0PAzBOg,td3j0PAzBOg,"#quran #ramazan #tarjuma #tarjumaequran #muhammad A complete translation & short explanation of the Holy Quran; the Book of our only Lord; ALLAH. Please subscribe to our channel And Press the bell Button. Also, like our videos and share them with family and friends..."
حضرت موسٰیؑ کی تحریک آزادی,Standalone Keynotes,Socio-Spiritual Ethics & Family,Social & Family Ethics,2024-10-13,Sunday,5,140,12,1,9.29,01:12:21,https://i.ytimg.com/vi/sIpDtOMyowM/maxresdefault.jpg,https://youtube.com/watch?v=sIpDtOMyowM,sIpDtOMyowM,"#quran #ramazan #tarjuma #tarjumaequran #muhammad A complete translation & short explanation of the Holy Quran; the Book of our only Lord; ALLAH. Please subscribe to our channel And Press the bell Button. Also, like our videos and share them with family and friends..."
29- Anfaal R1/A1-4 | Dora Tarjuma Quran,Standalone Keynotes,Socio-Spiritual Ethics & Family,Social & Family Ethics,2023-10-03,Tuesday,13,140,13,1,10.0,35:54,https://i.ytimg.com/vi/IGztr3-hmiU/maxresdefault.jpg,https://youtube.com/watch?v=IGztr3-hmiU,IGztr3-hmiU,"#quran #ramazan #tarjuma #tarjumaequran #muhammad A complete translation & short explanation of the Holy Quran; the Book of our only Lord; ALLAH. Please subscribe to our channel And Press the bell Button. Also, like our videos and share them with family and friends... Please subscribe to our channel And Press the bell Button. Also, like our videos and share them with family and friends..."
EP#01 SUBAH صبح | ZARB-E-KALEEM (ضربِ کلیم),General Discourse,Iqbalian Philosophy (Fikr-e-Iqbal),Zarb-e-Kalim,2022-11-18,Friday,11,140,17,2,13.57,07:53,https://i.ytimg.com/vi/s2aMQlnhU3c/maxresdefault.jpg,https://youtube.com/watch?v=s2aMQlnhU3c,s2aMQlnhU3c,"A brief Introduction of IQBAL famous book (ZARB-e-KALEEM) with a list of all Nazms included in it. Day: 09 Nov 2022 Location: Minar-e-Pakistan #iqbal #iqbalpoetry #morning 00:00 intro 03:00 mid 07:00 ending This series IQBAL with FRIENDS includes all the poetry of IQBAl's famous book (ZARB-e-KALEEM). A comprehensive study in a circle of friends makes it so easy to understand. The video Iqbal's famous poem named (SUBH) in which he has described the new era of Muslims, a bright era, just like a shine morning after extreme night darkness."
دینی فکر کا ایک اہم پہلو,Standalone Keynotes,Iqbalian Philosophy (Fikr-e-Iqbal),Philosophical Concepts,2024-12-07,Saturday,4,138,16,1,12.32,03:01,https://i.ytimg.com/vi/VNYn-Z-oxBQ/maxresdefault.jpg,https://youtube.com/watch?v=VNYn-Z-oxBQ,VNYn-Z-oxBQ,#imrankhan #muhammad #quran #tarjuman #pti #islam #parda #youth #islamicphilosophy #bayan #deen #seerat
Muslim's Downfall | ضربِ کلیم | مسلمان کا زوال,General Discourse,Iqbalian Philosophy (Fikr-e-Iqbal),Zarb-e-Kalim,2023-11-01,Wednesday,5,138,10,3,9.42,22:17,https://i.ytimg.com/vi/y79tgi53_eU/maxresdefault.jpg,https://youtube.com/watch?v=y79tgi53_eU,y79tgi53_eU,"A collective study of Kalam e Iqbal with reference to the Quran. #iqbal #iqbalpoetry #zarbekaleem Please subscribe to our channel And Press the bell Button. Also, like our videos and share them with family and friends..."
Introduction: ضربِ کلیم | IQBAL with FRIENDS,General Discourse,Iqbalian Philosophy (Fikr-e-Iqbal),Zarb-e-Kalim,2022-11-16,Wednesday,19,138,16,2,13.04,06:40,https://i.ytimg.com/vi/f6QF7-jQuKo/maxresdefault.jpg,https://youtube.com/watch?v=f6QF7-jQuKo,f6QF7-jQuKo,A brief Introduction of IQBAL famous book (ZARB-e-KALEEM) with a list of all Nazms included in it. Day: 09 Nov 2022 Location: Minar-e-Pakistan #minarepakistan #iqbal #iqbalpoetry #zarbekaleem This series IQBAL with FRIENDS includes all the poetry of IQBAl's famous book (ZARB-e-KALEEM). A comprehensive study in a circle of friends makes it so easy to understand.
39. Sora Shuàraa | Ramzan 26,Standalone Keynotes,Socio-Spiritual Ethics & Family,Social & Family Ethics,2026-03-08,Sunday,7,136,8,0,5.88,01:05:11,https://i.ytimg.com/vi/p4iVhB4HOjM/maxresdefault.jpg,https://youtube.com/watch?v=p4iVhB4HOjM,p4iVhB4HOjM,"#quran #ramazan #tarjuma #tarjumaequran #muhammad A complete translation & short explanation of the Holy Quran; the Book of our only Lord; ALLAH. Please subscribe to our channel And Press the bell Button. Also, like our videos and share them with family and friends..."
9. Nisaa 1 to 25 | Ramzan 26,Standalone Keynotes,Socio-Spiritual Ethics & Family,Social & Family Ethics,2026-02-23,Monday,5,136,9,0,6.62,01:20:25,https://i.ytimg.com/vi/uYDHyuxm7lY/maxresdefault.jpg,https://youtube.com/watch?v=uYDHyuxm7lY,uYDHyuxm7lY,"#quran #ramazan #tarjuma #tarjumaequran #muhammad A complete translation & short explanation of the Holy Quran; the Book of our only Lord; ALLAH. Please subscribe to our channel And Press the bell Button. Also, like our videos and share them with family and friends..."
40- Yusuf R1-4/A1-35 | Dora Tarjuma Quran,Standalone Keynotes,Socio-Spiritual Ethics & Family,Social & Family Ethics,2023-11-18,Saturday,11,136,9,3,8.82,39:19,https://i.ytimg.com/vi/VWcPo9iExl8/maxresdefault.jpg,https://youtube.com/watch?v=VWcPo9iExl8,VWcPo9iExl8,"#quran #ramazan #tarjuma #tarjumaequran #muhammad A complete translation & short explanation of the Holy Quran; the Book of our only Lord; ALLAH. Please subscribe to our channel And Press the bell Button. Also, like our videos and share them with family and friends... Please subscribe to our channel And Press the bell Button. Also, like our videos and share them with family and friends..."
Seerat un Nabi ﷺ class 4 | مکہ سے مدینہ تک ۔ تنظیم اور معاشرہ سازی,General Discourse,Civilizational History & Seerah,Prophetic Era (Seerah),2022-12-26,Monday,5,136,9,0,6.62,58:19,https://i.ytimg.com/vi/Npd3PvBGHo4/maxresdefault.jpg,https://youtube.com/watch?v=Npd3PvBGHo4,Npd3PvBGHo4,"A short course on Seerat un Nabi ﷺ | Class 4/5 ؐمکہ سے مدینہ تک ۔ تنظیم اور معاشرہ سازی #dawah #tarbiyah #hijrah #organization #muslimsociety #تنظیم #ہجرت #مدینہ #بیعت #hijarah of Prophet Muhammad SAW Life of prophet Muhammad SAW. #muhammad #prophetmuhammad #prophet #سیرت_نبوی #سیرت_النبی #سیرت #seerat #seeratunnabi Please subscribe to our channel And Press Bell Button. So, You can receive our latest videos... Also, like our videos and share them with family and friends... If you have any questions or suggestions please let us know through your valuable comments... Thanks for watching this vid..."
Arrest Procedure & Preventive Detention | گرفتاری کا طریقہ اور امتناعی نظربندی,General Discourse,Constitutional Law & Statecraft,Amendments & Legal History,2023-11-18,Saturday,11,135,12,2,10.37,25:39,https://i.ytimg.com/vi/7L-La6syA_8/maxresdefault.jpg,https://youtube.com/watch?v=7L-La6syA_8,7L-La6syA_8,"Combined study and discussion on the Constitution of Pakistan #arrest #preventivemaintenance #liberty #constitutionalrights #humanrights #state #fundamentalrights #treason #constitution #pakistan #quran #islam #constitutionallaw #constitution_making #قرارداد Please subscribe to our channel And Press the bell Button. Also, like our videos and share them with family and friends..."
52- Maryam complete | Dora Tarjuma Quran,Standalone Keynotes,Socio-Spiritual Ethics & Family,Social & Family Ethics,2024-01-17,Wednesday,8,134,18,3,15.67,50:16,https://i.ytimg.com/vi/A0N1ivyMsi0/maxresdefault.jpg,https://youtube.com/watch?v=A0N1ivyMsi0,A0N1ivyMsi0,"#quran #ramazan #tarjuma #tarjumaequran #muhammad A complete translation & short explanation of the Holy Quran; the Book of our only Lord; ALLAH. Please subscribe to our channel And Press the bell Button. Also, like our videos and share them with family and friends... Please subscribe to our channel And Press the bell Button. Also, like our videos and share them with family and friends..."
57. Sora Hadeed & Mujadila | Ramzan 26,Standalone Keynotes,Socio-Spiritual Ethics & Family,Social & Family Ethics,2026-03-16,Monday,6,132,4,0,3.03,02:05:23,https://i.ytimg.com/vi/ayGwo_9lRAA/maxresdefault.jpg,https://youtube.com/watch?v=ayGwo_9lRAA,ayGwo_9lRAA,"#quran #ramazan #tarjuma #tarjumaequran #muhammad A complete translation & short explanation of the Holy Quran; the Book of our only Lord; ALLAH. Please subscribe to our channel And Press the bell Button. Also, like our videos and share them with family and friends..."
ایک بچہ کی کہانی,General Discourse,General Public Address,Unassigned Overview Topics,2026-06-05,Friday,3,129,3,0,2.33,02:20,https://i.ytimg.com/vi/GEm-XPXpmQQ/sddefault.jpg,https://youtube.com/watch?v=GEm-XPXpmQQ,GEm-XPXpmQQ,
61. Sora Tahreem to Sora Nooh | Ramzan 26,Standalone Keynotes,Socio-Spiritual Ethics & Family,Social & Family Ethics,2026-03-18,Wednesday,5,128,3,0,2.34,01:37:43,https://i.ytimg.com/vi/0gq4gZA_vng/maxresdefault.jpg,https://youtube.com/watch?v=0gq4gZA_vng,0gq4gZA_vng,"#quran #ramazan #tarjuma #tarjumaequran #muhammad A complete translation & short explanation of the Holy Quran; the Book of our only Lord; ALLAH. Please subscribe to our channel And Press the bell Button. Also, like our videos and share them with family and friends..."
Knowledge & Passion | علم و عشق | Zarb e Kaleem,General Discourse,Iqbalian Philosophy (Fikr-e-Iqbal),General Discussion,2023-11-09,Thursday,1,128,12,1,10.16,20:55,https://i.ytimg.com/vi/60ynIxoAgwI/maxresdefault.jpg,https://youtube.com/watch?v=60ynIxoAgwI,60ynIxoAgwI,"A collective study of Kalam e Iqbal with special reference to the Quran. #iqbal #iqbalpoetry #zarbekaleem Please subscribe to our channel And Press the bell Button. Also, like our videos and share them with family and friends..."
Mosquito & Guidance | Divine teaching style of Allah in Quran ,General Discourse,General Public Address,Unassigned Overview Topics,2026-06-27,Saturday,11,126,9,2,8.73,47:35,https://i.ytimg.com/vi/zodjM00v358/maxresdefault.jpg,https://youtube.com/watch?v=zodjM00v358,zodjM00v358,
12. Maida 1 to 50 | Ramzan 26,Standalone Keynotes,Socio-Spiritual Ethics & Family,Social & Family Ethics,2026-02-24,Tuesday,6,126,8,0,6.35,01:19:50,https://i.ytimg.com/vi/Py25bQCHIbU/maxresdefault.jpg,https://youtube.com/watch?v=Py25bQCHIbU,Py25bQCHIbU,"#quran #ramazan #tarjuma #tarjumaequran #muhammad A complete translation & short explanation of the Holy Quran; the Book of our only Lord; ALLAH. Please subscribe to our channel And Press the bell Button. Also, like our videos and share them with family and friends..."
43. Sora Room & Luqman | Ramzan 26,Standalone Keynotes,Socio-Spiritual Ethics & Family,Social & Family Ethics,2026-03-10,Tuesday,7,123,4,0,3.25,01:34:06,https://i.ytimg.com/vi/RXHhJNsCgZY/maxresdefault.jpg,https://youtube.com/watch?v=RXHhJNsCgZY,RXHhJNsCgZY,"#quran #ramazan #tarjuma #tarjumaequran #muhammad A complete translation & short explanation of the Holy Quran; the Book of our only Lord; ALLAH. Please subscribe to our channel And Press the bell Button. Also, like our videos and share them with family and friends..."
"Oath, Seerat & Constitution | ایفائے عہد، سیرت النبیؐ اور آئین شکنی | Khutba e Jumma | 24-02-23",General Discourse,Civilizational History & Seerah,Prophetic Era (Seerah),2023-02-24,Friday,12,123,13,2,12.2,26:59,https://i.ytimg.com/vi/_t9c_ulHSUE/maxresdefault.jpg,https://youtube.com/watch?v=_t9c_ulHSUE,_t9c_ulHSUE,"Violation of the Constitution and importance of keeping your oaths in the light of Quran & Seerat un Nabi ﷺ۔ #constitution #treaty #oath #pledges #state #seerat #muhammad #سیرت #عہد #وعدہ Please subscribe to our channel And Press the bell Button. Also, like our videos and share them with family and friends..."
17. Aaraf 54 to 129 | Ramzan 26,Standalone Keynotes,Socio-Spiritual Ethics & Family,Social & Family Ethics,2026-02-27,Friday,5,120,3,0,2.5,01:32:18,https://i.ytimg.com/vi/_dFA27rYEow/maxresdefault.jpg,https://youtube.com/watch?v=_dFA27rYEow,_dFA27rYEow,"#quran #ramazan #tarjuma #tarjumaequran #muhammad A complete translation & short explanation of the Holy Quran; the Book of our only Lord; ALLAH. Please subscribe to our channel And Press the bell Button. Also, like our videos and share them with family and friends..."
36. Sora Noor 1 to 50 | Ramzan 26,Standalone Keynotes,Socio-Spiritual Ethics & Family,Social & Family Ethics,2026-03-07,Saturday,7,119,4,0,3.36,01:23:38,https://i.ytimg.com/vi/qap49QhxVVU/maxresdefault.jpg,https://youtube.com/watch?v=qap49QhxVVU,qap49QhxVVU,"#quran #ramazan #tarjuma #tarjumaequran #muhammad A complete translation & short explanation of the Holy Quran; the Book of our only Lord; ALLAH. Please subscribe to our channel And Press the bell Button. Also, like our videos and share them with family and friends..."
#quran #Ramazan #drisrarahmed,General Discourse,General Public Address,Unassigned Overview Topics,2023-03-08,Wednesday,2,119,15,0,12.61,01:01,https://i.ytimg.com/vi/reZbbdnHLnc/maxresdefault.jpg,https://youtube.com/watch?v=reZbbdnHLnc,reZbbdnHLnc,
25. Sora Yousuf | Ramzan 26,Standalone Keynotes,Socio-Spiritual Ethics & Family,Social & Family Ethics,2026-03-02,Monday,7,118,6,0,5.08,01:42:51,https://i.ytimg.com/vi/nCOrIgYjz9E/maxresdefault.jpg,https://youtube.com/watch?v=nCOrIgYjz9E,nCOrIgYjz9E,"#quran #ramazan #tarjuma #tarjumaequran #muhammad A complete translation & short explanation of the Holy Quran; the Book of our only Lord; ALLAH. Please subscribe to our channel And Press the bell Button. Also, like our videos and share them with family and friends..."
10. Nisaa 26 to 104 | Ramzan 26,Standalone Keynotes,Socio-Spiritual Ethics & Family,Social & Family Ethics,2026-02-23,Monday,7,117,12,0,10.26,01:23:00,https://i.ytimg.com/vi/T-DfA1KiPWk/maxresdefault.jpg,https://youtube.com/watch?v=T-DfA1KiPWk,T-DfA1KiPWk,"#quran #ramazan #tarjuma #tarjumaequran #muhammad A complete translation & short explanation of the Holy Quran; the Book of our only Lord; ALLAH. Please subscribe to our channel And Press the bell Button. Also, like our videos and share them with family and friends..."
استعینو بالصبر والصلوة,General Discourse,General Public Address,Unassigned Overview Topics,2023-04-20,Thursday,22,117,23,1,20.51,01:01,https://i.ytimg.com/vi/CzhlQq-bv58/maxresdefault.jpg,https://youtube.com/watch?v=CzhlQq-bv58,CzhlQq-bv58,
37. Sora Noor 51 to 64 | Ramzan 26,Standalone Keynotes,Socio-Spiritual Ethics & Family,Social & Family Ethics,2026-03-08,Sunday,5,116,5,0,4.31,01:07:53,https://i.ytimg.com/vi/X9UXiiLiylU/maxresdefault.jpg,https://youtube.com/watch?v=X9UXiiLiylU,X9UXiiLiylU,"#quran #ramazan #tarjuma #tarjumaequran #muhammad A complete translation & short explanation of the Holy Quran; the Book of our only Lord; ALLAH. Please subscribe to our channel And Press the bell Button. Also, like our videos and share them with family and friends..."
5. Baqarah 221-257 # Dora Quran 2025,Standalone Keynotes,Socio-Spiritual Ethics & Family,Social & Family Ethics,2025-03-04,Tuesday,6,116,10,0,8.62,01:15:34,https://i.ytimg.com/vi/o7KYaPkTdlo/maxresdefault.jpg,https://youtube.com/watch?v=o7KYaPkTdlo,o7KYaPkTdlo,"#quran #ramazan #tarjuma #tarjumaequran #muhammad A complete translation & short explanation of the Holy Quran; the Book of our only Lord; ALLAH. Please subscribe to our channel And Press the bell Button. Also, like our videos and share them with family and friends..."
خلیفۃ اللہ و خلیفۃ المسلمین ۔ #khilafat #politics #quran,General Discourse,Civilizational History & Seerah,Empires & Caliphates,2024-02-10,Saturday,5,116,24,2,22.41,01:00,https://i.ytimg.com/vi/rxAvOCvzTwA/maxresdefault.jpg,https://youtube.com/watch?v=rxAvOCvzTwA,rxAvOCvzTwA,
Mulki Halat aur hamara kaam | ملکی حالات اور ہمارا کام | Khutba e Jumma,General Discourse,Constitutional Law & Statecraft,Amendments & Legal History,2023-05-20,Saturday,6,116,10,0,8.62,28:49,https://i.ytimg.com/vi/wG65VGwybuo/maxresdefault.jpg,https://youtube.com/watch?v=wG65VGwybuo,wG65VGwybuo,"Khutba e Jumma 19-05-23 #quran #constitution #ruleoflaw #pakistan #imrankhan Please subscribe to our channel And Press the bell Button. Also, like our videos and share them with family and friends..."
6. Baqara 243 to 286 | Ramzan 26,Standalone Keynotes,Socio-Spiritual Ethics & Family,Social & Family Ethics,2026-02-21,Saturday,7,114,18,0,15.79,01:10:11,https://i.ytimg.com/vi/QS1Jx6iFhsM/maxresdefault.jpg,https://youtube.com/watch?v=QS1Jx6iFhsM,QS1Jx6iFhsM,"#quran #ramazan #tarjuma #tarjumaequran #muhammad A complete translation & short explanation of the Holy Quran; the Book of our only Lord; ALLAH. Please subscribe to our channel And Press the bell Button. Also, like our videos and share them with family and friends..."
3. Baqarah 104-176 # Dora Quran 2025,Standalone Keynotes,Socio-Spiritual Ethics & Family,Social & Family Ethics,2025-03-02,Sunday,17,113,2,0,1.77,01:18:57,https://i.ytimg.com/vi/_YwJi11M_oo/maxresdefault.jpg,https://youtube.com/watch?v=_YwJi11M_oo,_YwJi11M_oo,"#quran #ramazan #tarjuma #tarjumaequran #muhammad A complete translation & short explanation of the Holy Quran; the Book of our only Lord; ALLAH. Please subscribe to our channel And Press the bell Button. Also, like our videos and share them with family and friends..."
Personal Talk | With Ayub Baig Mirza Sb | 05- Musharraf period,Serial Coursework,Constitutional Law & Statecraft,Amendments & Legal History,2023-03-01,Wednesday,19,113,8,2,8.85,45:21,https://i.ytimg.com/vi/F1tOYJKu0WM/maxresdefault.jpg,https://youtube.com/watch?v=F1tOYJKu0WM,F1tOYJKu0WM,"Personal Discussion with Ayub Baig Mirza Sb, A Special Fellow of the late Dr. Israr Ahmad R.A. This episode shared personal and political memories from the 2000s. #waronterror #musharraf #marshallaw #media #afghanwar #imrankhan #america #israrahmad #pakistanhistory Please subscribe to our channel And Press the bell Button. Also, like our videos and share them with family and friends..."
31. Sora Maryam | Ramzan 26,Standalone Keynotes,Socio-Spiritual Ethics & Family,Social & Family Ethics,2026-03-05,Thursday,7,112,2,0,1.79,49:56,https://i.ytimg.com/vi/3VKnkzcfsPI/maxresdefault.jpg,https://youtube.com/watch?v=3VKnkzcfsPI,3VKnkzcfsPI,"#quran #ramazan #tarjuma #tarjumaequran #muhammad A complete translation & short explanation of the Holy Quran; the Book of our only Lord; ALLAH. Please subscribe to our channel And Press the bell Button. Also, like our videos and share them with family and friends..."
6. Baqarah 258 - Aale Imran 30 # Dora Quran 2025,Standalone Keynotes,Socio-Spiritual Ethics & Family,Social & Family Ethics,2025-03-04,Tuesday,7,112,8,0,7.14,01:11:06,https://i.ytimg.com/vi/FKZD8cip-bw/maxresdefault.jpg,https://youtube.com/watch?v=FKZD8cip-bw,FKZD8cip-bw,"#quran #ramazan #tarjuma #tarjumaequran #muhammad A complete translation & short explanation of the Holy Quran; the Book of our only Lord; ALLAH. Please subscribe to our channel And Press the bell Button. Also, like our videos and share them with family and friends..."
32. Sora Taha | Ramzan 26,Standalone Keynotes,Socio-Spiritual Ethics & Family,Social & Family Ethics,2026-03-06,Friday,5,111,2,1,2.7,01:26:01,https://i.ytimg.com/vi/OLkPpI8DDKc/maxresdefault.jpg,https://youtube.com/watch?v=OLkPpI8DDKc,OLkPpI8DDKc,"#quran #ramazan #tarjuma #tarjumaequran #muhammad A complete translation & short explanation of the Holy Quran; the Book of our only Lord; ALLAH. Please subscribe to our channel And Press the bell Button. Also, like our videos and share them with family and friends..."
6a. Islam & Christianity. Nisaa 4,Standalone Keynotes,Socio-Spiritual Ethics & Family,Social & Family Ethics,2024-03-17,Sunday,4,111,1,0,0.9,52:01,https://i.ytimg.com/vi/_w__fz10P94/maxresdefault.jpg,https://youtube.com/watch?v=_w__fz10P94,_w__fz10P94,"#quran #ramazan #tarjuma #tarjumaequran #muhammad A complete translation & short explanation of the Holy Quran; the Book of our only Lord; ALLAH. Please subscribe to our channel And Press the bell Button. Also, like our videos and share them with family and friends..."
9. Nisaa 1-42 # Dora Quran 2025,Standalone Keynotes,Socio-Spiritual Ethics & Family,Social & Family Ethics,2025-03-06,Thursday,6,110,14,0,12.73,01:26:25,https://i.ytimg.com/vi/f9W35Tul7dg/maxresdefault.jpg,https://youtube.com/watch?v=f9W35Tul7dg,f9W35Tul7dg,"#quran #ramazan #tarjuma #tarjumaequran #muhammad A complete translation & short explanation of the Holy Quran; the Book of our only Lord; ALLAH. Please subscribe to our channel And Press the bell Button. Also, like our videos and share them with family and friends..."
99- Hadid R4/A29 | Dora Tarjuma Quran,Standalone Keynotes,Socio-Spiritual Ethics & Family,Social & Family Ethics,2024-04-08,Monday,7,110,5,0,4.55,56:00,https://i.ytimg.com/vi/yPiU9XaJpsw/maxresdefault.jpg,https://youtube.com/watch?v=yPiU9XaJpsw,yPiU9XaJpsw,"#quran #ramazan #tarjuma #tarjumaequran #muhammad A complete translation & short explanation of the Holy Quran; the Book of our only Lord; ALLAH. Please subscribe to our channel And Press the bell Button. Also, like our videos and share them with family and friends..."
04- Baqara R13-16 | Dora Tarjuma Quran 2023,Standalone Keynotes,Socio-Spiritual Ethics & Family,Social & Family Ethics,2023-04-18,Tuesday,16,110,9,0,8.18,48:33,https://i.ytimg.com/vi/YyVmApfqxIc/maxresdefault.jpg,https://youtube.com/watch?v=YyVmApfqxIc,YyVmApfqxIc,"#quran #ramazan #tarjuma #tarjumaequran #muhammad A complete translation & short explanation of the Holy Quran; the Book of our only Lord; ALLAH. Please subscribe to our channel And Press the bell Button. Also, like our videos and share them with family and friends... Please subscribe to our channel And Press the bell Button. Also, like our videos and share them with family and friends..."
29. Sora Bani Israel | Ramzan 26,Standalone Keynotes,Socio-Spiritual Ethics & Family,Social & Family Ethics,2026-03-04,Wednesday,7,109,4,0,3.67,01:19:13,https://i.ytimg.com/vi/K7GqLa7p1xM/maxresdefault.jpg,https://youtube.com/watch?v=K7GqLa7p1xM,K7GqLa7p1xM,"#quran #ramazan #tarjuma #tarjumaequran #muhammad A complete translation & short explanation of the Holy Quran; the Book of our only Lord; ALLAH. Please subscribe to our channel And Press the bell Button. Also, like our videos and share them with family and friends..."
"Haram, Ibrahim & Our Current Situation",Standalone Keynotes,Civilizational History & Seerah,Prophetic Era (Seerah),2024-06-14,Friday,14,109,9,1,9.17,22:33,https://i.ytimg.com/vi/DexxAbAh3LM/maxresdefault.jpg,https://youtube.com/watch?v=DexxAbAh3LM,DexxAbAh3LM,"#imranriazkhan #hajj #eid #persecucion #seerat #ramazan #tarjuma #tarjumaequran #muhammad A complete translation & short explanation of the Holy Quran; the Book of our only Lord; ALLAH. Please subscribe to our channel And Press the bell Button. Also, like our videos and share them with family and friends..."
کم از کم سچ تو بولو,General Discourse,General Public Address,Unassigned Overview Topics,2024-12-05,Thursday,10,108,8,0,7.41,01:09,https://i.ytimg.com/vi/zXxO_J2r4UY/maxresdefault.jpg,https://youtube.com/watch?v=zXxO_J2r4UY,zXxO_J2r4UY,#imrankhan #26november #pakistan
47- Bani Israel R1-4/A1-40 | Dora Tarjuma Quran,Standalone Keynotes,Socio-Spiritual Ethics & Family,Social & Family Ethics,2023-12-03,Sunday,2,108,14,0,12.96,50:35,https://i.ytimg.com/vi/4T2fA70d-yw/maxresdefault.jpg,https://youtube.com/watch?v=4T2fA70d-yw,4T2fA70d-yw,"#quran #ramazan #tarjuma #tarjumaequran #muhammad A complete translation & short explanation of the Holy Quran; the Book of our only Lord; ALLAH. Please subscribe to our channel And Press the bell Button. Also, like our videos and share them with family and friends... Please subscribe to our channel And Press the bell Button. Also, like our videos and share them with family and friends..."
"Islam & Christianity Past, Present & Future | اسلام اور عیسائیت | Khutbah e Jumma",Standalone Keynotes,Civilizational History & Seerah,General Discussion,2022-12-30,Friday,15,107,11,1,11.21,27:29,https://i.ytimg.com/vi/D5B5acSJ9i0/maxresdefault.jpg,https://youtube.com/watch?v=D5B5acSJ9i0,D5B5acSJ9i0,"Khutba e Jumma 30-12-22 | اسلام اور عیسائیت, عقائد & ماضی حال اور مستقبل Islam & Christianity Past, Present & Future | #islam #christianity #history #dajjal #jesus #jesuschrist #muhammad #comparativereligion A comparative study of beliefs and history of Islam & Christianity #ummat e Muslima Please subscribe to our channel And Press Bell Button. So, You can receive our latest videos... Also, like our videos and share them with family and friends... If you have any questions or suggestions please let us know through your valuable comments... Thanks for watching this video..."
What to do in a falling Nation | ڈوبتی ہوئی قوم میں کرنے کا کام,Standalone Keynotes,Socio-Spiritual Ethics & Family,Social & Family Ethics,2025-10-29,Wednesday,10,106,12,0,11.32,53:05,https://i.ytimg.com/vi/wogfFNLirAY/maxresdefault.jpg,https://youtube.com/watch?v=wogfFNLirAY,wogfFNLirAY,"#quran #ramazan #tarjuma #tarjumaequran #muhammad #news #pakistan #palestine #currentaffairs A complete translation & short explanation of the Holy Quran; the Book of our only Lord; ALLAH. Please subscribe to our channel And Press the bell Button. Also, like our videos and share them with family and friends..."
ابراهيم خليل الله عليه السلام,Standalone Keynotes,Socio-Spiritual Ethics & Family,Social & Family Ethics,2024-09-28,Saturday,4,105,9,1,9.52,01:01:01,https://i.ytimg.com/vi/u7f9K1-0MUU/sddefault.jpg,https://youtube.com/watch?v=u7f9K1-0MUU,u7f9K1-0MUU,"#quran #ramazan #tarjuma #tarjumaequran #muhammad A complete translation & short explanation of the Holy Quran; the Book of our only Lord; ALLAH. Please subscribe to our channel And Press the bell Button. Also, like our videos and share them with family and friends..."
Toheen e Quran in Europe. What to do? | Khutbah e Jumma,Standalone Keynotes,Socio-Spiritual Ethics & Family,Social & Family Ethics,2023-01-27,Friday,16,105,11,2,12.38,35:07,https://i.ytimg.com/vi/XcDHtqaUFU0/maxresdefault.jpg,https://youtube.com/watch?v=XcDHtqaUFU0,XcDHtqaUFU0,"Khutba e Jumma 27-01-23 | Toheen e Quran in Europe & Responsibility of Ummat e muslima & Pakistan #sweden #denmark #norway #europe #quran #pakistan #muhammad #blasphemy Please subscribe to our channel And Press Bell Button. So, You can receive our latest videos... Also, like our videos and share them with family and friends... If you have any questions or suggestions please let us know through your valuable comments... Thanks for watching this video..."
52. Sora Jasia & Ahqaf | Ramzan 26,Standalone Keynotes,Socio-Spiritual Ethics & Family,Social & Family Ethics,2026-03-14,Saturday,6,104,6,0,5.77,01:47:00,https://i.ytimg.com/vi/AZIEnz7tM9g/maxresdefault.jpg,https://youtube.com/watch?v=AZIEnz7tM9g,AZIEnz7tM9g,"#quran #ramazan #tarjuma #tarjumaequran #muhammad A complete translation & short explanation of the Holy Quran; the Book of our only Lord; ALLAH. Please subscribe to our channel And Press the bell Button. Also, like our videos and share them with family and friends..."
10. Nisaa 43-134 # Dora Quran 2025,Standalone Keynotes,Socio-Spiritual Ethics & Family,Social & Family Ethics,2025-03-06,Thursday,7,103,8,0,7.77,01:15:48,https://i.ytimg.com/vi/fBcDoUCKZLo/maxresdefault.jpg,https://youtube.com/watch?v=fBcDoUCKZLo,fBcDoUCKZLo,"#quran #ramazan #tarjuma #tarjumaequran #muhammad A complete translation & short explanation of the Holy Quran; the Book of our only Lord; ALLAH. Please subscribe to our channel And Press the bell Button. Also, like our videos and share them with family and friends..."
Connect with Quran | قرآن سے ہمارا تعلق | Shuja Uddin Sheikh,General Discourse,Socio-Spiritual Ethics & Family,Social & Family Ethics,2023-01-08,Sunday,2,103,5,0,4.85,01:21:01,https://i.ytimg.com/vi/HgOn1TAAClk/maxresdefault.jpg,https://youtube.com/watch?v=HgOn1TAAClk,HgOn1TAAClk,"Public lecture to ladies and gentelmen in gharhi shahu markaz Lahore #shujauddinsheikh Connect with Quran | قرآن سے ہمارا تعلق | Shuja Uddin Sheikh Shuja Uddin Sheikh #islam #quran Please subscribe to our channel And Press Bell Button. Also, like our videos and share them with family and friends... If you have any questions or suggestions please let us know through your valuable comments... Jazakallah for watching this video"
34. Sora Hajj 38 to 78 | Ramzan 26,Standalone Keynotes,Socio-Spiritual Ethics & Family,Social & Family Ethics,2026-03-07,Saturday,5,102,4,0,3.92,54:56,https://i.ytimg.com/vi/tolF8R0tFOY/maxresdefault.jpg,https://youtube.com/watch?v=tolF8R0tFOY,tolF8R0tFOY,"#quran #ramazan #tarjuma #tarjumaequran #muhammad A complete translation & short explanation of the Holy Quran; the Book of our only Lord; ALLAH. Please subscribe to our channel And Press the bell Button. Also, like our videos and share them with family and friends..."
Objective Resolution | قراردادِ مقاصد | Ep-03,Serial Coursework,Constitutional Law & Statecraft,Amendments & Legal History,2023-07-24,Monday,6,102,7,1,7.84,45:11,https://i.ytimg.com/vi/5-kOwdfmVIY/maxresdefault.jpg,https://youtube.com/watch?v=5-kOwdfmVIY,5-kOwdfmVIY,"#objective-resolution #constitution #pakistan #quran #islam #constitution_making #constitutionallaw #constitution_making #قرارداد Please subscribe to our channel And Press the bell Button. Also, like our videos and share them with family and friends..."
مجھے ہے حکمِ اذاں لا الہ الا اللہ | Iqbal & Quran with friends | ضربِ کلیم | Ep.07,General Discourse,Iqbalian Philosophy (Fikr-e-Iqbal),Zarb-e-Kalim,2023-03-04,Saturday,9,100,5,0,5.0,11:08,https://i.ytimg.com/vi/UJifXd5blRk/maxresdefault.jpg,https://youtube.com/watch?v=UJifXd5blRk,UJifXd5blRk,"A collective study of Kalam e Iqbal with reference to the Quran. Please subscribe to our channel And Press the bell Button. Also, like our videos and share them with family and friends..."
Quranic Concept of Virtue | نیکی کا جامع تصور | Khutba e Jumma,General Discourse,Socio-Spiritual Ethics & Family,Social & Family Ethics,2022-12-04,Sunday,18,100,13,1,14.0,35:02,https://i.ytimg.com/vi/DQ_B91QZl5s/maxresdefault.jpg,https://youtube.com/watch?v=DQ_B91QZl5s,DQ_B91QZl5s,"Khutba e Jumma 25-11-22 #نیکی کا قرآنی تصور #سورۃالبقرۃ آیت177 What is real virtue Please subscribe to our channel And Press Bell Button. So, You can received our latest videos... Also like our videos and share with family and friends... If you have any questions or suggestions please let us know through your valuable comments... Thanks for watching this video..."
24. Sora Hood | Ramzan 26,Standalone Keynotes,Socio-Spiritual Ethics & Family,Social & Family Ethics,2026-03-02,Monday,5,98,5,0,5.1,01:31:31,https://i.ytimg.com/vi/uUdE6Yv6uOQ/maxresdefault.jpg,https://youtube.com/watch?v=uUdE6Yv6uOQ,uUdE6Yv6uOQ,"#quran #ramazan #tarjuma #tarjumaequran #muhammad A complete translation & short explanation of the Holy Quran; the Book of our only Lord; ALLAH. Please subscribe to our channel And Press the bell Button. Also, like our videos and share them with family and friends..."
03- Baqara R 5-12 | Dora tarjuma Quran 2023,Standalone Keynotes,Socio-Spiritual Ethics & Family,Social & Family Ethics,2023-04-18,Tuesday,13,97,9,1,10.31,01:10:53,https://i.ytimg.com/vi/b0wd2EMcrmE/maxresdefault.jpg,https://youtube.com/watch?v=b0wd2EMcrmE,b0wd2EMcrmE,"#quran #ramazan #tarjuma #tarjumaequran #muhammad A complete translation & short explanation of the Holy Quran; the Book of our only Lord; ALLAH. Please subscribe to our channel And Press the bell Button. Also, like our videos and share them with family and friends... Please subscribe to our channel And Press the bell Button. Also, like our videos and share them with family and friends..."
08- Baqara R33-40 | Dora Tarjuma Quran 2023,Standalone Keynotes,Socio-Spiritual Ethics & Family,Social & Family Ethics,2023-05-16,Tuesday,19,96,6,0,6.25,01:16:44,https://i.ytimg.com/vi/qKsr_RhKdQs/maxresdefault.jpg,https://youtube.com/watch?v=qKsr_RhKdQs,qKsr_RhKdQs,"#quran #ramazan #tarjuma #tarjumaequran #muhammad A complete translation & short explanation of the Holy Quran; the Book of our only Lord; ALLAH. Please subscribe to our channel And Press the bell Button. Also, like our videos and share them with family and friends... Please subscribe to our channel And Press the bell Button. Also, like our videos and share them with family and friends..."
خودی کا سرِ نہاں لا الہ الا اللہ | Iqbal & Quran with friends | ضربِ کلیم | Ep.03,General Discourse,Iqbalian Philosophy (Fikr-e-Iqbal),Zarb-e-Kalim,2023-02-16,Thursday,19,96,10,1,11.46,09:57,https://i.ytimg.com/vi/2vQKX3Vxa5o/maxresdefault.jpg,https://youtube.com/watch?v=2vQKX3Vxa5o,2vQKX3Vxa5o,"A collective study of Kalam e Iqbal with reference to the Quran. Please subscribe to our channel And Press the bell Button. Also, like our videos and share them with family and friends..."
Think before you speak,General Discourse,General Public Address,Unassigned Overview Topics,2026-06-05,Friday,3,95,6,0,6.32,00:56,https://i.ytimg.com/vi/IoEPjPMWYdQ/maxresdefault.jpg,https://youtube.com/watch?v=IoEPjPMWYdQ,IoEPjPMWYdQ,
20. Sora Touba 1 to 37 | Ramzan 26,Standalone Keynotes,Socio-Spiritual Ethics & Family,Social & Family Ethics,2026-02-28,Saturday,7,95,10,0,10.53,01:08:26,https://i.ytimg.com/vi/4mYI7hpejYU/maxresdefault.jpg,https://youtube.com/watch?v=4mYI7hpejYU,4mYI7hpejYU,"#quran #ramazan #tarjuma #tarjumaequran #muhammad A complete translation & short explanation of the Holy Quran; the Book of our only Lord; ALLAH. Please subscribe to our channel And Press the bell Button. Also, like our videos and share them with family and friends..."
3. Quranic Arabic Class | Sentence & phrases,Standalone Keynotes,Socio-Spiritual Ethics & Family,Social & Family Ethics,2025-01-31,Friday,5,95,8,0,8.42,01:14:31,https://i.ytimg.com/vi/zAzJRUtArLk/maxresdefault.jpg,https://youtube.com/watch?v=zAzJRUtArLk,zAzJRUtArLk,"#quran #ramazan #tarjuma #tarjumaequran #muhammad A complete translation & short explanation of the Holy Quran; the Book of our only Lord; ALLAH. Please subscribe to our channel And Press the bell Button. Also, like our videos and share them with family and friends..."
غلامی میں بدل جاتا ہے قوموں کا ضمیر | Iqbal & Quran with friends | ضربِ کلیم | Ep.09,General Discourse,Iqbalian Philosophy (Fikr-e-Iqbal),Zarb-e-Kalim,2023-03-22,Wednesday,18,95,10,0,10.53,16:06,https://i.ytimg.com/vi/57-piMPIHbM/maxresdefault.jpg,https://youtube.com/watch?v=57-piMPIHbM,57-piMPIHbM,"A collective study of Kalam e Iqbal with reference to the Quran. 00:00 06:00 ٰپہلا شعر 06:00 16:00 دوسرا شعر #اقبال #کلام #قرآن #quran #iqbal #momin #poetry #iqbalpoetry Please subscribe to our channel And Press the bell Button. Also, like our videos and share them with family and friends..."
39. Sora Luqman # Dora Quran 2025,Standalone Keynotes,Socio-Spiritual Ethics & Family,Social & Family Ethics,2025-03-20,Thursday,7,94,6,0,6.38,40:30,https://i.ytimg.com/vi/H48CjuPdCJU/maxresdefault.jpg,https://youtube.com/watch?v=H48CjuPdCJU,H48CjuPdCJU,"#quran #ramazan #tarjuma #tarjumaequran #muhammad A complete translation & short explanation of the Holy Quran; the Book of our only Lord; ALLAH. Please subscribe to our channel And Press the bell Button. Also, like our videos and share them with family and friends..."
4. Quranic Arabic Class | Details of Sentence,Standalone Keynotes,Socio-Spiritual Ethics & Family,Social & Family Ethics,2025-02-01,Saturday,4,93,4,0,4.3,01:07:36,https://i.ytimg.com/vi/HAiBIataxZU/maxresdefault.jpg,https://youtube.com/watch?v=HAiBIataxZU,HAiBIataxZU,"#quran #ramazan #tarjuma #tarjumaequran #muhammad A complete translation & short explanation of the Holy Quran; the Book of our only Lord; ALLAH. Please subscribe to our channel And Press the bell Button. Also, like our videos and share them with family and friends..."
114- Asar to Naas | Dora Tarjuma Quran,Standalone Keynotes,Socio-Spiritual Ethics & Family,Social & Family Ethics,2024-04-26,Friday,5,93,9,3,12.9,54:16,https://i.ytimg.com/vi/o2zAMiZu67w/maxresdefault.jpg,https://youtube.com/watch?v=o2zAMiZu67w,o2zAMiZu67w,"#quran #ramazan #tarjuma #tarjumaequran #muhammad A complete translation & short explanation of the Holy Quran; the Book of our only Lord; ALLAH. Please subscribe to our channel And Press the bell Button. Also, like our videos and share them with family and friends..."
Way to Success | کامیابی کی چار شرائط | سورۃ العصر | Dars e Quran,General Discourse,Socio-Spiritual Ethics & Family,Social & Family Ethics,2023-02-01,Wednesday,16,93,7,0,7.53,46:04,https://i.ytimg.com/vi/6bUvF1978LQ/maxresdefault.jpg,https://youtube.com/watch?v=6bUvF1978LQ,6bUvF1978LQ,"Dars e Quran Series # 1 According to the Quran, What are the prerequisites and conditions for salvation and success in this world and hereafter? #haq #sabr #iman #amal #عصر #خسارة #ایمان #عمل #حق #صبر Please subscribe to our channel And Press the bell Button. So, You can receive our latest videos... Also, like our videos and share them with family and friends... If you have any questions or suggestions please let us know through your valuable comments... Thanks for watching this video..."
Adam A.S and Reality of Khilafat & its System | آدمؑ کی خلافت کی حقیقت اوراسکا نظام ؔ Khutba e Jumma,General Discourse,Civilizational History & Seerah,Empires & Caliphates,2022-12-10,Saturday,21,93,10,1,11.83,25:24,https://i.ytimg.com/vi/u1_5FrFjRbc/maxresdefault.jpg,https://youtube.com/watch?v=u1_5FrFjRbc,u1_5FrFjRbc,"Khutba e Jumma 02-12-22 | سورۃ البقرہ 4 رکوع #Adam and Iblees #khilafat What is real conceptive of Islamic State & Khilafat #judiciary #bureaucracy #legislature Please subscribe to our channel And Press Bell Button. So, You can received our latest videos... Also like our videos and share with family and friends... If you have any questions or suggestions please let us know through your valuable comments... Thanks for watching this video..."
Welcome the Best Month of Quran,General Discourse,General Public Address,Unassigned Overview Topics,2025-02-28,Friday,4,92,16,1,18.48,01:00,https://i.ytimg.com/vi/Wq2tMS-WeG0/maxresdefault.jpg,https://youtube.com/watch?v=Wq2tMS-WeG0,Wq2tMS-WeG0,
Ramazan is coming. Get ready #quran #muhammad #ramazan #ترجمہ_قرآن #قرآن #رمضان,Standalone Keynotes,General Public Address,Unassigned Overview Topics,2023-03-17,Friday,1,91,24,0,26.37,00:29,https://i.ytimg.com/vi/6pF8pICme-E/maxresdefault.jpg,https://youtube.com/watch?v=6pF8pICme-E,6pF8pICme-E,#muhammad #quran #ramazan #ramadan #رمضان #قرآن #دورہ_تفسیر #دورہ #ترجمہ_قرآن #tarjuma
Islam. Complete code of life & its demands | اسلام۔ مکمل نظامِ زندگی &  تقاضے | Shuja Uddin Sheikh,General Discourse,Socio-Spiritual Ethics & Family,Social & Family Ethics,2022-12-28,Wednesday,15,91,12,1,14.29,47:46,https://i.ytimg.com/vi/Xx7bA2C4on0/maxresdefault.jpg,https://youtube.com/watch?v=Xx7bA2C4on0,Xx7bA2C4on0,"Lecture to students and the public in Jamia Manzoor ul Islamia Lahore #shujauddinsheikh Islam. Complete code of life & its demands | دین۔ مکمل نظامِ زندگی & اسکے تقاضے | Shuja Uddin Sheikh #islam #jamia Please subscribe to our channel And Press Bell Button. Also, like our videos and share them with family and friends... If you have any questions or suggestions please let us know through your valuable comments... Jazakallah for watching this video"
33. Sora Anbea & Hajj 1-38 | Ramzan 26,Standalone Keynotes,Socio-Spiritual Ethics & Family,Social & Family Ethics,2026-03-06,Friday,7,90,3,0,3.33,01:15:41,https://i.ytimg.com/vi/31Uuh1hQNWs/maxresdefault.jpg,https://youtube.com/watch?v=31Uuh1hQNWs,31Uuh1hQNWs,"#quran #ramazan #tarjuma #tarjumaequran #muhammad A complete translation & short explanation of the Holy Quran; the Book of our only Lord; ALLAH. Please subscribe to our channel And Press the bell Button. Also, like our videos and share them with family and friends..."
22. Sorat Yunus complete # Dora Quran 2025,Standalone Keynotes,Civilizational History & Seerah,Prophetic Era (Seerah),2025-03-12,Wednesday,6,90,9,0,10.0,01:26:51,https://i.ytimg.com/vi/UZP5a_M5ESE/maxresdefault.jpg,https://youtube.com/watch?v=UZP5a_M5ESE,UZP5a_M5ESE,"#quran #ramazan #tarjuma #tarjumaequran #muhammad A complete translation & short explanation of the Holy Quran; the Book of our only Lord; ALLAH. Please subscribe to our channel And Press the bell Button. Also, like our videos and share them with family and friends..."
7. Aale Imran 31-120 # Dora Quran 2025,Standalone Keynotes,Socio-Spiritual Ethics & Family,Social & Family Ethics,2025-03-04,Tuesday,18,90,11,1,13.33,01:22:54,https://i.ytimg.com/vi/HGf0A9M7pvo/maxresdefault.jpg,https://youtube.com/watch?v=HGf0A9M7pvo,HGf0A9M7pvo,"#quran #ramazan #tarjuma #tarjumaequran #muhammad A complete translation & short explanation of the Holy Quran; the Book of our only Lord; ALLAH. Please subscribe to our channel And Press the bell Button. Also, like our videos and share them with family and friends..."
50- Kahaf R4-8/A37-59 | Dora Tarjuma Quran,Standalone Keynotes,Socio-Spiritual Ethics & Family,Social & Family Ethics,2023-12-17,Sunday,5,89,9,0,10.11,43:30,https://i.ytimg.com/vi/fRF3DFfARTg/maxresdefault.jpg,https://youtube.com/watch?v=fRF3DFfARTg,fRF3DFfARTg,"#quran #ramazan #tarjuma #tarjumaequran #muhammad A complete translation & short explanation of the Holy Quran; the Book of our only Lord; ALLAH. Please subscribe to our channel And Press the bell Button. Also, like our videos and share them with family and friends... Please subscribe to our channel And Press the bell Button. Also, like our videos and share them with family and friends..."
"Ramazan, Quran, Pakistan | رمضان، قرآن، پاکستان | Khutba e Jumma",General Discourse,Socio-Spiritual Ethics & Family,Social & Family Ethics,2023-03-27,Monday,10,89,15,4,21.35,32:11,https://i.ytimg.com/vi/jeVHDw8oARA/maxresdefault.jpg,https://youtube.com/watch?v=jeVHDw8oARA,jeVHDw8oARA,"24-03-2023 #quran #muhammad #ramazan #pakistan #freedom Please subscribe to our channel And Press the bell Button. Also, like our videos and share them with family and friends..."
اسی قرآں میں ہے اب ترکِ جہاں کی تعلیم | Iqbal & Quran with friends | ضربِ کلیم | Ep.08,General Discourse,Iqbalian Philosophy (Fikr-e-Iqbal),Zarb-e-Kalim,2023-03-15,Wednesday,3,88,11,0,12.5,12:47,https://i.ytimg.com/vi/xBfvNNYMIMo/maxresdefault.jpg,https://youtube.com/watch?v=xBfvNNYMIMo,xBfvNNYMIMo,"A collective study of Kalam e Iqbal with reference to the Quran. #اقبال #کلام #قرآن #quran #iqbal #momin #poetry #iqbalpoetry Please subscribe to our channel And Press the bell Button. Also, like our videos and share them with family and friends..."
22. Sora Touba 73 to 129 | Ramzan 26,Standalone Keynotes,Socio-Spiritual Ethics & Family,Social & Family Ethics,2026-03-01,Sunday,7,87,6,0,6.9,59:58,https://i.ytimg.com/vi/Sny5p02CRjU/maxresdefault.jpg,https://youtube.com/watch?v=Sny5p02CRjU,Sny5p02CRjU,"#quran #ramazan #tarjuma #tarjumaequran #muhammad A complete translation & short explanation of the Holy Quran; the Book of our only Lord; ALLAH. Please subscribe to our channel And Press the bell Button. Also, like our videos and share them with family and friends..."
8. Aale Imran 121-200 # Dora Quran 2025,Standalone Keynotes,Socio-Spiritual Ethics & Family,Social & Family Ethics,2025-03-05,Wednesday,7,87,9,1,11.49,01:13:26,https://i.ytimg.com/vi/nyMlBEnEVEQ/maxresdefault.jpg,https://youtube.com/watch?v=nyMlBEnEVEQ,nyMlBEnEVEQ,"#quran #ramazan #tarjuma #tarjumaequran #muhammad A complete translation & short explanation of the Holy Quran; the Book of our only Lord; ALLAH. Please subscribe to our channel And Press the bell Button. Also, like our videos and share them with family and friends..."
شرک فی الخوف #quran #tarjuma #qurantranslation #muhammad,Standalone Keynotes,General Public Address,Unassigned Overview Topics,2024-03-26,Tuesday,6,87,12,0,13.79,01:01,https://i.ytimg.com/vi/4vA0L3NOsCs/maxresdefault.jpg,https://youtube.com/watch?v=4vA0L3NOsCs,4vA0L3NOsCs,Video from Dr Haseeb
ڈاکٹر اسرار احمد رحمہ اللہ اپنے زمانے کی آئینی ترمیم کے بارے میں ,General Discourse,Constitutional Law & Statecraft,Amendments & Legal History,2025-11-14,Friday,5,86,3,0,3.49,04:34,https://i.ytimg.com/vi/d2JXDYbPsHE/hqdefault.jpg,https://youtube.com/watch?v=d2JXDYbPsHE,d2JXDYbPsHE,میں يہ بالکل نہیں کہوں گا کہ اگر ڈاکٹر صاحب کے زمانے میں یہ ہوتا تو۔۔۔ یا اگر ڈاکٹر صاحب اس زمانے میں ہوتے تو۔۔۔ کیونکہ تلک امہ قد خلت لھا ما کسبت ولکم ما کسبتم *ولا تسألون عما كانو يعملون* تھے تو آباء وہ تمہارے ہی مگر تم کیا ہو؟
20a. Sajda to Ahzab. Grand Alliance against Madina,Standalone Keynotes,Constitutional Law & Statecraft,Amendments & Legal History,2024-03-31,Sunday,6,86,6,0,6.98,01:45:41,https://i.ytimg.com/vi/t-F73UhgsMg/maxresdefault.jpg,https://youtube.com/watch?v=t-F73UhgsMg,t-F73UhgsMg,"#quran #ramazan #tarjuma #tarjumaequran #muhammad A complete translation & short explanation of the Holy Quran; the Book of our only Lord; ALLAH. Please subscribe to our channel And Press the bell Button. Also, like our videos and share them with family and friends..."
Quranic Belief & Recitation | قرآن پر ایمان اور تلاوت | Khutba e Jumma,General Discourse,Constitutional Law & Statecraft,Amendments & Legal History,2023-12-24,Sunday,3,86,7,0,8.14,25:18,https://i.ytimg.com/vi/QXL37zJ2WOc/maxresdefault.jpg,https://youtube.com/watch?v=QXL37zJ2WOc,QXL37zJ2WOc,"Khutba e Jumma 07-04-23 #quran #ramazan #قرآن #tilawat #تلاوت #ایمان #iman Please subscribe to our channel And Press the bell Button. Also, like our videos and share them with family and friends..."
50. Sora Hamim Sajda & Shooraa | Ramzan 26,Standalone Keynotes,Socio-Spiritual Ethics & Family,Social & Family Ethics,2026-03-13,Friday,7,85,3,0,3.53,01:54:00,https://i.ytimg.com/vi/C31mrm2QYSY/maxresdefault.jpg,https://youtube.com/watch?v=C31mrm2QYSY,C31mrm2QYSY,"#quran #ramazan #tarjuma #tarjumaequran #muhammad A complete translation & short explanation of the Holy Quran; the Book of our only Lord; ALLAH. Please subscribe to our channel And Press the bell Button. Also, like our videos and share them with family and friends..."
Islam ka Adal aur hum | اسلام کا  عدل و انصاف اور ہم | Khutba e Jumma,General Discourse,General Public Address,Unassigned Overview Topics,2023-08-26,Saturday,6,85,2,0,2.35,29:45,https://i.ytimg.com/vi/J-NykC6ieDU/maxresdefault.jpg,https://youtube.com/watch?v=J-NykC6ieDU,J-NykC6ieDU,اسلام کا انفرادی، سماجی، معاشی، سیاسی اور عدالتی سطح پر عدل و انصاف کا نظام اور موجودہ مسلمان Khutba e Jumma 25-08-2023 #islam #quran #muhammad #justice #muslim
Quranic Economic principles -3 | خرچ کرو، اپنے پر، اپنوں پر اور حقداروں پر,General Discourse,Socio-Spiritual Ethics & Family,Social & Family Ethics,2023-03-07,Tuesday,10,85,8,1,10.59,30:54,https://i.ytimg.com/vi/C_6L66Zvoeg/maxresdefault.jpg,https://youtube.com/watch?v=C_6L66Zvoeg,C_6L66Zvoeg,"قرآنی معاشی تعلیمات -3 | Special lecture series # 3 Please subscribe to our channel And Press the bell Button. Also, like our videos and share them with family and friends..."
Seerat un Nabi ﷺ Last class | اختتامی کلاس | فتح مکہ سے دورِ حاظر تک,Serial Coursework,Civilizational History & Seerah,Prophetic Era (Seerah),2023-01-17,Tuesday,3,85,9,2,12.94,29:40,https://i.ytimg.com/vi/6EWpMldVTKE/maxresdefault.jpg,https://youtube.com/watch?v=6EWpMldVTKE,6EWpMldVTKE,"A short course on Seerat un Nabi ﷺ | Last Class اختتامی کلاس | فتح مکہ سے دورِ حاظر تک #madina #islamicsystem #muslimsociety Life of prophet Muhammad SAW. #muhammad #prophetmuhammad #prophet #سیرت_نبوی #سیرت_النبی #سیرت #seerat #seeratunnabi Please subscribe to our channel And Press Bell Button. So, You can receive our latest videos... Also, like our videos and share them with family and friends... If you have any questions or suggestions please let us know through your valuable comments... Thanks for watching this video"
ہدایت کسے ملتی ہے؟ | Who gets hidayat | Special Lecture 5,General Discourse,Socio-Spiritual Ethics & Family,Social & Family Ethics,2022-12-27,Tuesday,3,85,7,0,8.24,49:50,https://i.ytimg.com/vi/Ns3Rklr-Ixc/maxresdefault.jpg,https://youtube.com/watch?v=Ns3Rklr-Ixc,Ns3Rklr-Ixc,"Special Lecture series # 5 #hidayah #taqwa #abubakar #khadija #omar #abulahab #abujahal #ہدایت #تقوی #ہمدردی Please subscribe to our channel And Press the bell Button. So, You can receive our latest videos... Also, like our videos and share them with family and friends... If you have any questions or suggestions please let us know through your valuable comments... Thanks for watching this video..."
جزاہ اللہ خیرا,General Discourse,General Public Address,Unassigned Overview Topics,2023-11-07,Tuesday,14,84,9,0,10.71,01:01,https://i.ytimg.com/vi/TVx7_pg0onM/maxresdefault.jpg,https://youtube.com/watch?v=TVx7_pg0onM,TVx7_pg0onM,
48. Sora Zumar | Ramzan 26,Standalone Keynotes,Socio-Spiritual Ethics & Family,Social & Family Ethics,2026-03-12,Thursday,7,83,3,0,3.61,41:36,https://i.ytimg.com/vi/vhaxgJnQfDw/maxresdefault.jpg,https://youtube.com/watch?v=vhaxgJnQfDw,vhaxgJnQfDw,"#quran #ramazan #tarjuma #tarjumaequran #muhammad A complete translation & short explanation of the Holy Quran; the Book of our only Lord; ALLAH. Please subscribe to our channel And Press the bell Button. Also, like our videos and share them with family and friends..."
11. Nisaa 105 to 176 | Ramzan 26,Standalone Keynotes,Socio-Spiritual Ethics & Family,Social & Family Ethics,2026-02-24,Tuesday,5,83,8,0,9.64,01:13:35,https://i.ytimg.com/vi/WI08P7NncGo/maxresdefault.jpg,https://youtube.com/watch?v=WI08P7NncGo,WI08P7NncGo,"#quran #ramazan #tarjuma #tarjumaequran #muhammad A complete translation & short explanation of the Holy Quran; the Book of our only Lord; ALLAH. Please subscribe to our channel And Press the bell Button. Also, like our videos and share them with family and friends..."
43. Sorat Saad & Zumar # Dora Quran 2025,Standalone Keynotes,Socio-Spiritual Ethics & Family,Social & Family Ethics,2025-03-22,Saturday,8,83,4,0,4.82,01:28:24,https://i.ytimg.com/vi/H7wCqGqogOs/maxresdefault.jpg,https://youtube.com/watch?v=H7wCqGqogOs,H7wCqGqogOs,"#quran #ramazan #tarjuma #tarjumaequran #muhammad A complete translation & short explanation of the Holy Quran; the Book of our only Lord; ALLAH. Please subscribe to our channel And Press the bell Button. Also, like our videos and share them with family and friends..."
36. Sorat Namal & Qasas 21 aayat # Dora Quran 2025,Standalone Keynotes,Socio-Spiritual Ethics & Family,Social & Family Ethics,2025-03-19,Wednesday,6,83,8,0,9.64,01:24:55,https://i.ytimg.com/vi/_oq8s_ZP40k/maxresdefault.jpg,https://youtube.com/watch?v=_oq8s_ZP40k,_oq8s_ZP40k,"#quran #ramazan #tarjuma #tarjumaequran #muhammad A complete translation & short explanation of the Holy Quran; the Book of our only Lord; ALLAH. Please subscribe to our channel And Press the bell Button. Also, like our videos and share them with family and friends..."
19. Aaraf 158- Anfaal 20 # Dora Quran 2025,Standalone Keynotes,Socio-Spiritual Ethics & Family,Social & Family Ethics,2025-03-09,Sunday,17,83,8,1,10.84,01:30:23,https://i.ytimg.com/vi/STJ-maEG1MU/maxresdefault.jpg,https://youtube.com/watch?v=STJ-maEG1MU,STJ-maEG1MU,"#quran #ramazan #tarjuma #tarjumaequran #muhammad A complete translation & short explanation of the Holy Quran; the Book of our only Lord; ALLAH. Please subscribe to our channel And Press the bell Button. Also, like our videos and share them with family and friends..."
66- Naml Complete | Dora Tarjuma Quran,Standalone Keynotes,Socio-Spiritual Ethics & Family,Social & Family Ethics,2024-02-13,Tuesday,3,83,12,2,16.87,55:41,https://i.ytimg.com/vi/_aDTRsPoJ7I/maxresdefault.jpg,https://youtube.com/watch?v=_aDTRsPoJ7I,_aDTRsPoJ7I,"#quran #ramazan #tarjuma #tarjumaequran #muhammad A complete translation & short explanation of the Holy Quran; the Book of our only Lord; ALLAH. Please subscribe to our channel And Press the bell Button. Also, like our videos and share them with family and friends... Please subscribe to our channel And Press the bell Button. Also, like our videos and share them with family and friends..."
ناظرین سے| Iqbal & Quran with friends | ضربِ کلیم -11,General Discourse,Iqbalian Philosophy (Fikr-e-Iqbal),Zarb-e-Kalim,2023-06-25,Sunday,8,83,8,0,9.64,12:17,https://i.ytimg.com/vi/qpQ9iSd5kQw/maxresdefault.jpg,https://youtube.com/watch?v=qpQ9iSd5kQw,qpQ9iSd5kQw,"A collective study of Kalam e Iqbal with reference to the Quran. #iqbal #iqbalpoetry #zarbekaleem Please subscribe to our channel And Press the bell Button. Also, like our videos and share them with family and friends..."
Time Management & Self Purification | Khutbah e Jumma,Standalone Keynotes,Socio-Spiritual Ethics & Family,Social & Family Ethics,2023-01-20,Friday,18,83,12,1,15.66,26:34,https://i.ytimg.com/vi/N3W2nF3Vpmo/maxresdefault.jpg,https://youtube.com/watch?v=N3W2nF3Vpmo,N3W2nF3Vpmo,"Khutba e Jumma 20-01-23 | Time Management & Self Purification #تزکیہ #timemanagement #time #timemanagementstrategies #timemanagementtips #selfimprovement #selfcare Please subscribe to our channel And Press Bell Button. So, You can receive our latest videos... Also, like our videos and share them with family and friends... If you have any questions or suggestions please let us know through your valuable comments... Thanks for watching this video..."
05- Baqara R17-22 | Dora tarjuma Quran 2023,Standalone Keynotes,Socio-Spiritual Ethics & Family,Social & Family Ethics,2023-04-20,Thursday,17,82,7,1,9.76,49:50,https://i.ytimg.com/vi/x4sXC1Df_m8/maxresdefault.jpg,https://youtube.com/watch?v=x4sXC1Df_m8,x4sXC1Df_m8,"#quran #ramazan #tarjuma #tarjumaequran #muhammad A complete translation & short explanation of the Holy Quran; the Book of our only Lord; ALLAH. Please subscribe to our channel And Press the bell Button. Also, like our videos and share them with family and friends... Please subscribe to our channel And Press the bell Button. Also, like our videos and share them with family and friends..."
قبائلى نظام اور شورى,General Discourse,General Public Address,Unassigned Overview Topics,2024-02-07,Wednesday,18,81,9,0,11.11,01:01,https://i.ytimg.com/vi/t0xr0AOswI8/maxresdefault.jpg,https://youtube.com/watch?v=t0xr0AOswI8,t0xr0AOswI8,
42. Sora Ankabot | Ramzan 26,Standalone Keynotes,Socio-Spiritual Ethics & Family,Social & Family Ethics,2026-03-10,Tuesday,5,80,3,0,3.75,01:13:41,https://i.ytimg.com/vi/ZUjMoZ_yCQ4/maxresdefault.jpg,https://youtube.com/watch?v=ZUjMoZ_yCQ4,ZUjMoZ_yCQ4,"#quran #ramazan #tarjuma #tarjumaequran #muhammad A complete translation & short explanation of the Holy Quran; the Book of our only Lord; ALLAH. Please subscribe to our channel And Press the bell Button. Also, like our videos and share them with family and friends..."
45. Sora Fussilat 30 to Shura & Zukhruf end # Dora Quran 2025,Standalone Keynotes,Socio-Spiritual Ethics & Family,Social & Family Ethics,2025-03-22,Saturday,20,80,5,1,7.5,01:43:44,https://i.ytimg.com/vi/SDdEa-eIK6g/maxresdefault.jpg,https://youtube.com/watch?v=SDdEa-eIK6g,SDdEa-eIK6g,"#quran #ramazan #tarjuma #tarjumaequran #muhammad A complete translation & short explanation of the Holy Quran; the Book of our only Lord; ALLAH. Please subscribe to our channel And Press the bell Button. Also, like our videos and share them with family and friends..."
9. Quranic Arabic Class | Past tense detail,Standalone Keynotes,Socio-Spiritual Ethics & Family,Social & Family Ethics,2025-02-08,Saturday,4,80,3,0,3.75,01:13:05,https://i.ytimg.com/vi/fbjxDITPRPE/maxresdefault.jpg,https://youtube.com/watch?v=fbjxDITPRPE,fbjxDITPRPE,"#quran #ramazan #tarjuma #tarjumaequran #muhammad A complete translation & short explanation of the Holy Quran; the Book of our only Lord; ALLAH. Please subscribe to our channel And Press the bell Button. Also, like our videos and share them with family and friends..."
PALASTINE ki jangi madad Kon kry? Kesy kry?,Standalone Keynotes,Socio-Spiritual Ethics & Family,Social & Family Ethics,2024-04-06,Saturday,7,79,2,0,2.53,29:17,https://i.ytimg.com/vi/dGjUw5NGMms/maxresdefault.jpg,https://youtube.com/watch?v=dGjUw5NGMms,dGjUw5NGMms,"#quran #palastine #aqsa #israelpalestineconflict #israel #ramazan #tarjuma #tarjumaequran #muhammad A complete translation & short explanation of the Holy Quran; the Book of our only Lord; ALLAH. Please subscribe to our channel And Press the bell Button. Also, like our videos and share them with family and friends..."
Ramazan & Dora Tarjuma Quran,Standalone Keynotes,Socio-Spiritual Ethics & Family,Social & Family Ethics,2024-03-13,Wednesday,8,79,9,2,13.92,23:47,https://i.ytimg.com/vi/bOTeaTZRUfE/maxresdefault.jpg,https://youtube.com/watch?v=bOTeaTZRUfE,bOTeaTZRUfE,"#quran #ramazan #tarjuma #tarjumaequran #muhammad A complete translation & short explanation of the Holy Quran; the Book of our only Lord; ALLAH. Please subscribe to our channel And Press the bell Button. Also, like our videos and share them with family and friends... Please subscribe to our channel And Press the bell Button. Also, like our videos and share them with family and friends..."
بہار ہو کہ خزاں لا الہ الا اللہ| Iqbal & Quran with friends | ضربِ کلیم | Ep.06,General Discourse,Iqbalian Philosophy (Fikr-e-Iqbal),Zarb-e-Kalim,2023-02-26,Sunday,13,79,8,0,10.13,08:31,https://i.ytimg.com/vi/sIWZ4ULaDM4/maxresdefault.jpg,https://youtube.com/watch?v=sIWZ4ULaDM4,sIWZ4ULaDM4,"A collective study of Kalam e Iqbal with reference to the Quran. Please subscribe to our channel And Press the bell Button. Also, like our videos and share them with family and friends..."
"6. Quranic Arabic Class | To Stress, Specify & Negate",Standalone Keynotes,Socio-Spiritual Ethics & Family,Social & Family Ethics,2025-02-05,Wednesday,5,78,5,0,6.41,01:17:03,https://i.ytimg.com/vi/qGJg14Cnjc8/maxresdefault.jpg,https://youtube.com/watch?v=qGJg14Cnjc8,qGJg14Cnjc8,"#quran #ramazan #tarjuma #tarjumaequran #muhammad A complete translation & short explanation of the Holy Quran; the Book of our only Lord; ALLAH. Please subscribe to our channel And Press the bell Button. Also, like our videos and share them with family and friends..."
محمّد رسول اللّٰہ ﷺ,Standalone Keynotes,Socio-Spiritual Ethics & Family,Social & Family Ethics,2024-09-16,Monday,5,78,16,2,23.08,01:04:11,https://i.ytimg.com/vi/TnhZFG2EyH8/maxresdefault.jpg,https://youtube.com/watch?v=TnhZFG2EyH8,TnhZFG2EyH8,"#quran #ramazan #tarjuma #tarjumaequran #muhammad A complete translation & short explanation of the Holy Quran; the Book of our only Lord; ALLAH. Please subscribe to our channel And Press the bell Button. Also, like our videos and share them with family and friends..."
07- Baqara R27-32 | Dora Tarjuma Quran 2023,Standalone Keynotes,Socio-Spiritual Ethics & Family,Social & Family Ethics,2023-04-30,Sunday,23,78,6,0,7.69,56:35,https://i.ytimg.com/vi/JSnbfzL3gSw/maxresdefault.jpg,https://youtube.com/watch?v=JSnbfzL3gSw,JSnbfzL3gSw,"#quran #ramazan #tarjuma #tarjumaequran #muhammad A complete translation & short explanation of the Holy Quran; the Book of our only Lord; ALLAH. Please subscribe to our channel And Press the bell Button. Also, like our videos and share them with family and friends... Please subscribe to our channel And Press the bell Button. Also, like our videos and share them with family and friends..."
5. Quranic Arabic Class | Pronouns & Prepositions,Standalone Keynotes,Socio-Spiritual Ethics & Family,Social & Family Ethics,2025-02-04,Tuesday,5,77,2,0,2.6,01:27:45,https://i.ytimg.com/vi/iHhhy0gthfU/maxresdefault.jpg,https://youtube.com/watch?v=iHhhy0gthfU,iHhhy0gthfU,"#quran #ramazan #tarjuma #tarjumaequran #muhammad A complete translation & short explanation of the Holy Quran; the Book of our only Lord; ALLAH. Please subscribe to our channel And Press the bell Button. Also, like our videos and share them with family and friends..."
Ashab e Kahaf aur tamashai tabsary,Standalone Keynotes,Constitutional Law & Statecraft,Amendments & Legal History,2024-10-20,Sunday,14,77,5,0,6.49,22:27,https://i.ytimg.com/vi/Hgft0_I2FNg/maxresdefault.jpg,https://youtube.com/watch?v=Hgft0_I2FNg,Hgft0_I2FNg,"18-10-2024 Khutba e Jumma #constitutionalamendment #palastine #muhammad #quran #ashabekahaf #currentaffairs #oryamaqbooljan #arshadsharif #jumma #khutbahjumat Please subscribe to our channel And Press the bell Button. Also, like our videos and share them with family and friends..."
Quranic 10 commandments,Standalone Keynotes,Socio-Spiritual Ethics & Family,Social & Family Ethics,2024-08-19,Monday,5,77,3,0,3.9,01:04:56,https://i.ytimg.com/vi/URhpJXxYQ-c/maxresdefault.jpg,https://youtube.com/watch?v=URhpJXxYQ-c,URhpJXxYQ-c,"#quran #ramazan #tarjuma #tarjumaequran #muhammad A complete translation & short explanation of the Holy Quran; the Book of our only Lord; ALLAH. Please subscribe to our channel And Press the bell Button. Also, like our videos and share them with family and friends..."
#quran #ramadan #drabdussamie #quranacademyfsd,General Discourse,General Public Address,Unassigned Overview Topics,2023-03-08,Wednesday,2,77,11,0,14.29,00:33,https://i.ytimg.com/vi/EehHqA5OXyc/maxresdefault.jpg,https://youtube.com/watch?v=EehHqA5OXyc,EehHqA5OXyc,
"عبادت و خلافت اور جدید اسلامی ریاست | Ibadat, Khliafat, & Modern Islamic State | Special Lecture 4-B",General Discourse,Islamic Political Systems,General Discussion,2022-12-06,Tuesday,4,77,8,1,11.69,38:10,https://i.ytimg.com/vi/Kyq9XLzhDAY/maxresdefault.jpg,https://youtube.com/watch?v=Kyq9XLzhDAY,Kyq9XLzhDAY,"Special Lecture series 4-B #Modernislamicstate #khilafat #جدیداسلامی ریاست #عبادت Please subscribe to our channel And Press Bell Button. So, You can received our latest videos... Also like our videos and share with family and friends... If you have any questions or suggestions please let us know through your valuable comments... Thanks for watching this video..."
23. Sora Younus | Ramzan 26,Standalone Keynotes,Socio-Spiritual Ethics & Family,Social & Family Ethics,2026-03-01,Sunday,8,76,3,0,3.95,55:35,https://i.ytimg.com/vi/WkQSZJuPNjk/maxresdefault.jpg,https://youtube.com/watch?v=WkQSZJuPNjk,WkQSZJuPNjk,"#quran #ramazan #tarjuma #tarjumaequran #muhammad A complete translation & short explanation of the Holy Quran; the Book of our only Lord; ALLAH. Please subscribe to our channel And Press the bell Button. Also, like our videos and share them with family and friends..."
حضرت موسٰیؑ کی تحریک آزادی,Standalone Keynotes,Socio-Spiritual Ethics & Family,Social & Family Ethics,2024-11-24,Sunday,4,76,6,0,7.89,59:56,https://i.ytimg.com/vi/xg82texkoKo/sddefault.jpg,https://youtube.com/watch?v=xg82texkoKo,xg82texkoKo,"#quran #ramazan #tarjuma #tarjumaequran #muhammad A complete translation & short explanation of the Holy Quran; the Book of our only Lord; ALLAH. Please subscribe to our channel And Press the bell Button. Also, like our videos and share them with family and friends..."
Holy Land! What Should We Do? | ارضِ مقدس ہم کیا کریں؟,Standalone Keynotes,Socio-Spiritual Ethics & Family,Social & Family Ethics,2023-10-16,Monday,13,76,8,0,10.53,30:45,https://i.ytimg.com/vi/mY9soc1Jc-0/maxresdefault.jpg,https://youtube.com/watch?v=mY9soc1Jc-0,mY9soc1Jc-0,"#quran #ramazan #tarjuma #tarjumaequran #muhammad A complete translation & short explanation of the Holy Quran; the Book of our only Lord; ALLAH. Please subscribe to our channel And Press the bell Button. Also, like our videos and share them with family and friends... Please subscribe to our channel And Press the bell Button. Also, like our videos and share them with family and friends..."
35. Sora Mominon | Ramzan 26,Standalone Keynotes,Socio-Spiritual Ethics & Family,Social & Family Ethics,2026-03-07,Saturday,5,75,3,0,4.0,42:36,https://i.ytimg.com/vi/xYsinTXLfgs/maxresdefault.jpg,https://youtube.com/watch?v=xYsinTXLfgs,xYsinTXLfgs,"#quran #ramazan #tarjuma #tarjumaequran #muhammad A complete translation & short explanation of the Holy Quran; the Book of our only Lord; ALLAH. Please subscribe to our channel And Press the bell Button. Also, like our videos and share them with family and friends..."
26. Sora Raàd & Ibrahim | Ramzan 26,Standalone Keynotes,Socio-Spiritual Ethics & Family,Social & Family Ethics,2026-03-03,Tuesday,6,75,5,0,6.67,01:35:03,https://i.ytimg.com/vi/5KrI9g2tdEs/maxresdefault.jpg,https://youtube.com/watch?v=5KrI9g2tdEs,5KrI9g2tdEs,"#quran #ramazan #tarjuma #tarjumaequran #muhammad A complete translation & short explanation of the Holy Quran; the Book of our only Lord; ALLAH. Please subscribe to our channel And Press the bell Button. Also, like our videos and share them with family and friends..."
6b. Mission of Muslims. Maida 1,Standalone Keynotes,Socio-Spiritual Ethics & Family,Social & Family Ethics,2024-03-17,Sunday,5,75,7,0,9.33,01:05:33,https://i.ytimg.com/vi/1V2AjUWJydQ/maxresdefault.jpg,https://youtube.com/watch?v=1V2AjUWJydQ,1V2AjUWJydQ,"#quran #ramazan #tarjuma #tarjumaequran #muhammad A complete translation & short explanation of the Holy Quran; the Book of our only Lord; ALLAH. Please subscribe to our channel And Press the bell Button. Also, like our videos and share them with family and friends..."
"With the Parents,.. ""BEST"" | وبالوالدین احسانا | Khutba e jumma",General Discourse,Socio-Spiritual Ethics & Family,Social & Family Ethics,2023-07-14,Friday,16,74,7,0,9.46,26:08,https://i.ytimg.com/vi/TdTqSjqfBtk/maxresdefault.jpg,https://youtube.com/watch?v=TdTqSjqfBtk,TdTqSjqfBtk,"Khutba e Jumma 14-07-23 #quran #parents #والدین #حقوق Please subscribe to our channel And Press the bell Button. Also, like our videos and share them with family and friends..."
Shame -3 | حیا و پاکبازی | Don't go near.. | قریب بھی مت جاؤ |Special Lecture 11,General Discourse,Constitutional Law & Statecraft,Amendments & Legal History,2023-02-03,Friday,16,74,5,0,6.76,19:42,https://i.ytimg.com/vi/4Nmy9XTFflk/maxresdefault.jpg,https://youtube.com/watch?v=4Nmy9XTFflk,4Nmy9XTFflk,"Sex Discipline in Islam -3 | حیا و پاکبازی | Don't go near.. | قریب بھی مت جاؤ | Special Lecture # 11 This is a group of lectures about the Quranic descriptions of Islamic principles of Shame, Chastity, Sex Discipline, and refraining from vulgarity. #vulgarity #shame #Chastity #Sex_discipline #dress #shatan Please subscribe to our channel And Press the bell Button. So, You can receive our latest videos... Also, like our videos and share them with family and friends... If you have any questions or suggestions please let us know through your valuable comments... Thanks for watching this video.."
18. Aaraf 130 to 206 | Ramzan 26,Standalone Keynotes,Socio-Spiritual Ethics & Family,Social & Family Ethics,2026-02-27,Friday,7,73,2,0,2.74,01:02:31,https://i.ytimg.com/vi/Px92Gn1Qa8M/maxresdefault.jpg,https://youtube.com/watch?v=Px92Gn1Qa8M,Px92Gn1Qa8M,"#quran #ramazan #tarjuma #tarjumaequran #muhammad A complete translation & short explanation of the Holy Quran; the Book of our only Lord; ALLAH. Please subscribe to our channel And Press the bell Button. Also, like our videos and share them with family and friends..."
17. Aaraf 35-127 # Dora Quran 2025,Standalone Keynotes,Socio-Spiritual Ethics & Family,Social & Family Ethics,2025-03-08,Saturday,19,73,6,0,8.22,01:05:25,https://i.ytimg.com/vi/2fjM5CqrDwM/maxresdefault.jpg,https://youtube.com/watch?v=2fjM5CqrDwM,2fjM5CqrDwM,"#quran #ramazan #tarjuma #tarjumaequran #muhammad A complete translation & short explanation of the Holy Quran; the Book of our only Lord; ALLAH. Please subscribe to our channel And Press the bell Button. Also, like our videos and share them with family and friends..."
21. Sora Touba 38 to 72 | Ramzan 26,Standalone Keynotes,Socio-Spiritual Ethics & Family,Social & Family Ethics,2026-03-01,Sunday,6,72,4,0,5.56,01:24:15,https://i.ytimg.com/vi/kXw-BE02Sf4/maxresdefault.jpg,https://youtube.com/watch?v=kXw-BE02Sf4,kXw-BE02Sf4,"#quran #ramazan #tarjuma #tarjumaequran #muhammad A complete translation & short explanation of the Holy Quran; the Book of our only Lord; ALLAH. Please subscribe to our channel And Press the bell Button. Also, like our videos and share them with family and friends..."
38. Sora Ankabot & Room # Dora Quran 2025,Standalone Keynotes,Socio-Spiritual Ethics & Family,Social & Family Ethics,2025-03-20,Thursday,6,72,11,0,15.28,01:44:06,https://i.ytimg.com/vi/vrcs4IBm3kk/maxresdefault.jpg,https://youtube.com/watch?v=vrcs4IBm3kk,vrcs4IBm3kk,"#quran #ramazan #tarjuma #tarjumaequran #muhammad A complete translation & short explanation of the Holy Quran; the Book of our only Lord; ALLAH. Please subscribe to our channel And Press the bell Button. Also, like our videos and share them with family and friends..."
35. Sorat Furqan & Shuaraa # Dora Quran 2025,Standalone Keynotes,Socio-Spiritual Ethics & Family,Social & Family Ethics,2025-03-18,Tuesday,7,72,3,0,4.17,01:18:05,https://i.ytimg.com/vi/8ZDQr8QMbwI/maxresdefault.jpg,https://youtube.com/watch?v=8ZDQr8QMbwI,8ZDQr8QMbwI,"#quran #ramazan #tarjuma #tarjumaequran #muhammad A complete translation & short explanation of the Holy Quran; the Book of our only Lord; ALLAH. Please subscribe to our channel And Press the bell Button. Also, like our videos and share them with family and friends..."
11- Aal e Imran R13-16 | Dora Tarjuma Quran 2023,Standalone Keynotes,Socio-Spiritual Ethics & Family,Social & Family Ethics,2023-06-25,Sunday,11,72,7,2,12.5,51:27,https://i.ytimg.com/vi/UE7W-np2mHo/maxresdefault.jpg,https://youtube.com/watch?v=UE7W-np2mHo,UE7W-np2mHo,"#quran #ramazan #tarjuma #tarjumaequran #muhammad A complete translation & short explanation of the Holy Quran; the Book of our only Lord; ALLAH. Please subscribe to our channel And Press the bell Button. Also, like our videos and share them with family and friends... Please subscribe to our channel And Press the bell Button. Also, like our videos and share them with family and friends..."
"46. Sorat Dukhan, Jasia, Ahqaf ayat 20 # Dora Quran 2025",Standalone Keynotes,Socio-Spiritual Ethics & Family,Social & Family Ethics,2025-03-23,Sunday,18,71,6,0,8.45,01:47:48,https://i.ytimg.com/vi/7sEFR07qaWA/maxresdefault.jpg,https://youtube.com/watch?v=7sEFR07qaWA,7sEFR07qaWA,"#quran #ramazan #tarjuma #tarjumaequran #muhammad A complete translation & short explanation of the Holy Quran; the Book of our only Lord; ALLAH. Please subscribe to our channel And Press the bell Button. Also, like our videos and share them with family and friends..."
15&16&17. Anaam 141 - Aaraf 146 # Dora Quran 2025,Standalone Keynotes,Socio-Spiritual Ethics & Family,Social & Family Ethics,2025-03-08,Saturday,19,71,7,0,9.86,01:38:15,https://i.ytimg.com/vi/Qi8v_IbGTo8/maxresdefault.jpg,https://youtube.com/watch?v=Qi8v_IbGTo8,Qi8v_IbGTo8,"#quran #ramazan #tarjuma #tarjumaequran #muhammad A complete translation & short explanation of the Holy Quran; the Book of our only Lord; ALLAH. Please subscribe to our channel And Press the bell Button. Also, like our videos and share them with family and friends..."
"55. Sorah Qaaf, Zariat | Ramzan 26",Standalone Keynotes,Socio-Spiritual Ethics & Family,Social & Family Ethics,2026-03-15,Sunday,7,70,5,0,7.14,41:50,https://i.ytimg.com/vi/mgiWL6cJHDY/maxresdefault.jpg,https://youtube.com/watch?v=mgiWL6cJHDY,mgiWL6cJHDY,"#quran #ramazan #tarjuma #tarjumaequran #muhammad A complete translation & short explanation of the Holy Quran; the Book of our only Lord; ALLAH. Please subscribe to our channel And Press the bell Button. Also, like our videos and share them with family and friends..."
4. Baqarah 177-220 # Dora Quran 2025,Standalone Keynotes,Socio-Spiritual Ethics & Family,Social & Family Ethics,2025-03-02,Sunday,19,70,9,0,12.86,01:01:41,https://i.ytimg.com/vi/CF-oVxAxIAA/maxresdefault.jpg,https://youtube.com/watch?v=CF-oVxAxIAA,CF-oVxAxIAA,"#quran #ramazan #tarjuma #tarjumaequran #muhammad A complete translation & short explanation of the Holy Quran; the Book of our only Lord; ALLAH. Please subscribe to our channel And Press the bell Button. Also, like our videos and share them with family and friends..."
la ilaha illallah | لا الہ الا اللہ | Solution to all problems,Standalone Keynotes,General Public Address,Unassigned Overview Topics,2023-10-28,Saturday,6,70,4,1,7.14,19:24,https://i.ytimg.com/vi/BaGeAF5oaoU/maxresdefault.jpg,https://youtube.com/watch?v=BaGeAF5oaoU,BaGeAF5oaoU,Khutba e Jumma 27-10-2023 #quran #muhammad #jummamubarak #tarjumaequran #lailahaillallah #justice #unity #taqwa
06- Baqara R23-27 | Dora Tarjuma Quran 2023,Standalone Keynotes,Socio-Spiritual Ethics & Family,Social & Family Ethics,2023-04-25,Tuesday,6,70,6,0,8.57,01:07:36,https://i.ytimg.com/vi/rM2VDSXqEmw/maxresdefault.jpg,https://youtube.com/watch?v=rM2VDSXqEmw,rM2VDSXqEmw,"#quran #ramazan #tarjuma #tarjumaequran #muhammad A complete translation & short explanation of the Holy Quran; the Book of our only Lord; ALLAH. Please subscribe to our channel And Press the bell Button. Also, like our videos and share them with family and friends... Please subscribe to our channel And Press the bell Button. Also, like our videos and share them with family and friends..."
37. Sora Qasas till end # Dora Quran 2025,Standalone Keynotes,Socio-Spiritual Ethics & Family,Social & Family Ethics,2025-03-19,Wednesday,7,69,6,0,8.7,51:05,https://i.ytimg.com/vi/Q4nEjDKQM5U/maxresdefault.jpg,https://youtube.com/watch?v=Q4nEjDKQM5U,Q4nEjDKQM5U,"#quran #ramazan #tarjuma #tarjumaequran #muhammad A complete translation & short explanation of the Holy Quran; the Book of our only Lord; ALLAH. Please subscribe to our channel And Press the bell Button. Also, like our videos and share them with family and friends..."
"Rahman, Quran and Mezan(Justice) | رحمٰن، قرآن اور میزان | اسلام اور عدل و انصاف Special Lecture 8",General Discourse,Civilizational History & Seerah,Prophetic Era (Seerah),2023-01-22,Sunday,5,69,7,0,10.14,01:05:31,https://i.ytimg.com/vi/fnopPA5uZFM/maxresdefault.jpg,https://youtube.com/watch?v=fnopPA5uZFM,fnopPA5uZFM,"Rahman, Quran and Mezan(Justice) | رحمٰن، قرآن اور میزان | اسلام میں عدل و انصاف کی اہمیت Special Lecture Series # 8 There are 2 aspects of the Purpose of Prophethood To convey the Book of Allah and Struggle for Justice #justice #rahman #muhammad #quran #عدل #انصاف #قرآن #رحمن Please subscribe to our channel And Press the bell Button. So, You can receive our latest videos... Also, like our videos and share them with family and friends... If you have any questions or suggestions please let us know through your valuable comments... Thanks for watching this video..."
59. Sora Mumtahina & Saff | Ramzan 26,Standalone Keynotes,Socio-Spiritual Ethics & Family,Social & Family Ethics,2026-03-17,Tuesday,7,68,6,0,8.82,02:34:40,https://i.ytimg.com/vi/63k7lRlZbis/maxresdefault.jpg,https://youtube.com/watch?v=63k7lRlZbis,63k7lRlZbis,"#quran #ramazan #tarjuma #tarjumaequran #muhammad A complete translation & short explanation of the Holy Quran; the Book of our only Lord; ALLAH. Please subscribe to our channel And Press the bell Button. Also, like our videos and share them with family and friends..."
58. Sora Hashar | Ramzan 26,Standalone Keynotes,Socio-Spiritual Ethics & Family,Social & Family Ethics,2026-03-16,Monday,8,68,3,0,4.41,57:21,https://i.ytimg.com/vi/o4rBJfxAtyM/maxresdefault.jpg,https://youtube.com/watch?v=o4rBJfxAtyM,o4rBJfxAtyM,"#quran #ramazan #tarjuma #tarjumaequran #muhammad A complete translation & short explanation of the Holy Quran; the Book of our only Lord; ALLAH. Please subscribe to our channel And Press the bell Button. Also, like our videos and share them with family and friends..."
21. Toba 30-129 # Dora Quran 2025,Standalone Keynotes,Socio-Spiritual Ethics & Family,Social & Family Ethics,2025-03-11,Tuesday,7,68,5,0,7.35,02:00:56,https://i.ytimg.com/vi/Vuns7-_t2hY/maxresdefault.jpg,https://youtube.com/watch?v=Vuns7-_t2hY,Vuns7-_t2hY,"#quran #ramazan #tarjuma #tarjumaequran #muhammad A complete translation & short explanation of the Holy Quran; the Book of our only Lord; ALLAH. Please subscribe to our channel And Press the bell Button. Also, like our videos and share them with family and friends..."
11. Nisaa 135 - Maida 11 # Dora Quran 2025,Standalone Keynotes,Socio-Spiritual Ethics & Family,Social & Family Ethics,2025-03-07,Friday,6,68,9,0,13.24,01:22:19,https://i.ytimg.com/vi/i0ePLQNvmx0/maxresdefault.jpg,https://youtube.com/watch?v=i0ePLQNvmx0,i0ePLQNvmx0,"#quran #ramazan #tarjuma #tarjumaequran #muhammad A complete translation & short explanation of the Holy Quran; the Book of our only Lord; ALLAH. Please subscribe to our channel And Press the bell Button. Also, like our videos and share them with family and friends..."
We are in Crises. What we must do?,Standalone Keynotes,Socio-Spiritual Ethics & Family,Social & Family Ethics,2024-08-05,Monday,6,68,6,0,8.82,01:02:08,https://i.ytimg.com/vi/GNsGwc859Bg/sddefault.jpg,https://youtube.com/watch?v=GNsGwc859Bg,GNsGwc859Bg,"#quran #ramazan #tarjuma #tarjumaequran #muhammad A complete translation & short explanation of the Holy Quran; the Book of our only Lord; ALLAH. Please subscribe to our channel And Press the bell Button. Also, like our videos and share them with family and friends..."
111- Balad to Zuha | Dora Tarjuma Quran,Standalone Keynotes,Socio-Spiritual Ethics & Family,Social & Family Ethics,2024-04-20,Saturday,6,68,4,1,7.35,58:49,https://i.ytimg.com/vi/mmBecyRgLjk/maxresdefault.jpg,https://youtube.com/watch?v=mmBecyRgLjk,mmBecyRgLjk,"#quran #ramazan #tarjuma #tarjumaequran #muhammad A complete translation & short explanation of the Holy Quran; the Book of our only Lord; ALLAH. Please subscribe to our channel And Press the bell Button. Also, like our videos and share them with family and friends..."
Shame -2 | حیا و پاکبازی | Basic Quranic Tips | Special Lecture 10,General Discourse,Constitutional Law & Statecraft,Amendments & Legal History,2023-01-28,Saturday,13,68,5,0,7.35,33:36,https://i.ytimg.com/vi/4xqw1o2iFKo/maxresdefault.jpg,https://youtube.com/watch?v=4xqw1o2iFKo,4xqw1o2iFKo,"Sex Discipline in Islam -2 | حیا و پاکبازی | Basic Quranic Tips Special Lecture Series # 10 This is a group of lectures about the Quranic descriptions of Islamic principles of Shame, Chastity, Sex Discipline, and refraining from vulgarity. #vulgarity #shame #Chastity #Sex_discipline #dress #shatan Please subscribe to our channel And Press the bell Button. So, You can receive our latest videos... Also, like our videos and share them with family and friends... If you have any questions or suggestions please let us know through your valuable comments... Thanks for watching this video..."
ایمان کیسے ملتا ہے؟ | Synthesis of Iman | Special Lecture 6,General Discourse,Socio-Spiritual Ethics & Family,Social & Family Ethics,2023-01-04,Wednesday,3,68,7,0,10.29,56:36,https://i.ytimg.com/vi/tjNnvBwcbX0/maxresdefault.jpg,https://youtube.com/watch?v=tjNnvBwcbX0,tjNnvBwcbX0,"Special Lecture series # 6 انسان اپنے غور و فکر سے کیسے ایمان تک پہنچتا ہے؟ #iman #aqal #nature #universe #nature #ایمان #عقل #فطرت #رسالت Please subscribe to our channel And Press the bell Button. So, You can receive our latest videos... Also, like our videos and share them with family and friends... If you have any questions or suggestions please let us know through your valuable comments... Thanks for watching this video..."
"60. Sora Jumma, Munafiqon, Tagabun, Talaq | Ramzan 26",Standalone Keynotes,Socio-Spiritual Ethics & Family,Social & Family Ethics,2026-03-17,Tuesday,9,67,3,0,4.48,01:30:56,https://i.ytimg.com/vi/cGBsSNSfAds/maxresdefault.jpg,https://youtube.com/watch?v=cGBsSNSfAds,cGBsSNSfAds,"#quran #ramazan #tarjuma #tarjumaequran #muhammad A complete translation & short explanation of the Holy Quran; the Book of our only Lord; ALLAH. Please subscribe to our channel And Press the bell Button. Also, like our videos and share them with family and friends..."
51. Sora Zukhruf & Dukhan Ramzan 26,Standalone Keynotes,Socio-Spiritual Ethics & Family,Social & Family Ethics,2026-03-13,Friday,8,67,5,0,7.46,36:41,https://i.ytimg.com/vi/xjLFdgiJY9Q/maxresdefault.jpg,https://youtube.com/watch?v=xjLFdgiJY9Q,xjLFdgiJY9Q,"#quran #ramazan #tarjuma #tarjumaequran #muhammad A complete translation & short explanation of the Holy Quran; the Book of our only Lord; ALLAH. Please subscribe to our channel And Press the bell Button. Also, like our videos and share them with family and friends..."
1/14 Quranic Arabic Learning,Standalone Keynotes,Socio-Spiritual Ethics & Family,Social & Family Ethics,2026-01-18,Sunday,8,67,5,0,7.46,01:38:01,https://i.ytimg.com/vi/g7vllLpOVjc/maxresdefault.jpg,https://youtube.com/watch?v=g7vllLpOVjc,g7vllLpOVjc,"#quran #ramazan #tarjuma #tarjumaequran #muhammad A complete translation & short explanation of the Holy Quran; the Book of our only Lord; ALLAH. Please subscribe to our channel And Press the bell Button. Also, like our videos and share them with family and friends..."
48. Sorat Hujurat # Dora Quran 2025,Standalone Keynotes,Socio-Spiritual Ethics & Family,Social & Family Ethics,2025-03-24,Monday,18,67,9,0,13.43,01:37:02,https://i.ytimg.com/vi/dUP2bH4glro/maxresdefault.jpg,https://youtube.com/watch?v=dUP2bH4glro,dUP2bH4glro,"#quran #ramazan #tarjuma #tarjumaequran #muhammad A complete translation & short explanation of the Holy Quran; the Book of our only Lord; ALLAH. Please subscribe to our channel And Press the bell Button. Also, like our videos and share them with family and friends..."
ایاک نعبد وایاک نستعین | اللہ سے زور سے مانگو,General Discourse,General Public Address,Unassigned Overview Topics,2023-11-25,Saturday,2,67,11,0,16.42,00:50,https://i.ytimg.com/vi/JKriuRiDBDQ/maxresdefault.jpg,https://youtube.com/watch?v=JKriuRiDBDQ,JKriuRiDBDQ,
Quranic Economic principles -7 | اسلام کا قانونی معاشی نظام,General Discourse,Constitutional Law & Statecraft,General Discussion,2023-06-04,Sunday,10,67,5,0,7.46,24:29,https://i.ytimg.com/vi/fVFArB5Z1IU/maxresdefault.jpg,https://youtube.com/watch?v=fVFArB5Z1IU,fVFArB5Z1IU,"قرآن کی معاشی تعلیمات -6 | Special lecture series # 22. Please subscribe to our channel And Press the bell Button. Also, like our videos and share them with family and friends..."
16c. Mominoon. Basic Character,Standalone Keynotes,Socio-Spiritual Ethics & Family,Social & Family Ethics,2024-05-10,Friday,16,66,4,0,6.06,53:24,https://i.ytimg.com/vi/VajfYH3TPUU/maxresdefault.jpg,https://youtube.com/watch?v=VajfYH3TPUU,VajfYH3TPUU,"#quran #ramazan #tarjuma #tarjumaequran #muhammad A complete translation & short explanation of the Holy Quran; the Book of our only Lord; ALLAH. Please subscribe to our channel And Press the bell Button. Also, like our videos and share them with family and friends..."
Unanimous translation of Quran Hakeem,Standalone Keynotes,Civilizational History & Seerah,General Discussion,2024-04-29,Monday,1,66,10,1,16.67,02:10,https://i.ytimg.com/vi/XX26AF4icCs/sddefault.jpg,https://youtube.com/watch?v=XX26AF4icCs,XX26AF4icCs,#quran #tarjuma #tarjumaequran #history #muhammad #drisrarahmed #shujauddinsheikh
20- Anaam R1-3/A1-30 | Dora Tarjuma Quran,Standalone Keynotes,Socio-Spiritual Ethics & Family,Social & Family Ethics,2023-08-20,Sunday,2,66,5,0,7.58,32:10,https://i.ytimg.com/vi/aRmm_PXfiHk/maxresdefault.jpg,https://youtube.com/watch?v=aRmm_PXfiHk,aRmm_PXfiHk,"#quran #ramazan #tarjuma #tarjumaequran #muhammad A complete translation & short explanation of the Holy Quran; the Book of our only Lord; ALLAH. Please subscribe to our channel And Press the bell Button. Also, like our videos and share them with family and friends... Please subscribe to our channel And Press the bell Button. Also, like our videos and share them with family and friends..."
Corruption & Dishonesty | خیانت اور کرپشن | Khutba e Jumma | 17-02-23,General Discourse,Socio-Spiritual Ethics & Family,Social & Family Ethics,2023-02-17,Friday,17,66,10,1,16.67,29:37,https://i.ytimg.com/vi/ZhHnaUgLuNM/maxresdefault.jpg,https://youtube.com/watch?v=ZhHnaUgLuNM,ZhHnaUgLuNM,"Islamic perspective on our national issue of corruption. #corruption #dishonesty #امانت #کرپشن #خیانت Please subscribe to our channel And Press the bell Button. Also, like our videos and share them with family and friends..."
63. Sora Buruuj to Alaq | Ramzan 26,Standalone Keynotes,Socio-Spiritual Ethics & Family,Social & Family Ethics,2026-03-19,Thursday,5,65,6,0,9.23,01:31:55,https://i.ytimg.com/vi/gSBoANO_kqM/maxresdefault.jpg,https://youtube.com/watch?v=gSBoANO_kqM,gSBoANO_kqM,"#quran #ramazan #tarjuma #tarjumaequran #muhammad A complete translation & short explanation of the Holy Quran; the Book of our only Lord; ALLAH. Please subscribe to our channel And Press the bell Button. Also, like our videos and share them with family and friends..."
ذکر کا اثر,General Discourse,General Public Address,Unassigned Overview Topics,2025-12-24,Wednesday,5,65,9,0,13.85,02:15,https://i.ytimg.com/vi/8wPjwTxF2vE/hqdefault.jpg,https://youtube.com/watch?v=8wPjwTxF2vE,8wPjwTxF2vE,
34. Sorat Noor till end # Dora Quran 2025,Standalone Keynotes,Socio-Spiritual Ethics & Family,Social & Family Ethics,2025-03-18,Tuesday,5,65,6,0,9.23,01:11:46,https://i.ytimg.com/vi/g5seTKkvTe0/maxresdefault.jpg,https://youtube.com/watch?v=g5seTKkvTe0,g5seTKkvTe0,"#quran #ramazan #tarjuma #tarjumaequran #muhammad A complete translation & short explanation of the Holy Quran; the Book of our only Lord; ALLAH. Please subscribe to our channel And Press the bell Button. Also, like our videos and share them with family and friends..."
26. Sorat Ibrahim & Hijr # Dora Quran 2025,Standalone Keynotes,Socio-Spiritual Ethics & Family,Social & Family Ethics,2025-03-14,Friday,6,65,9,0,13.85,01:30:40,https://i.ytimg.com/vi/Wrwp7iej3LM/maxresdefault.jpg,https://youtube.com/watch?v=Wrwp7iej3LM,Wrwp7iej3LM,"#quran #ramazan #tarjuma #tarjumaequran #muhammad A complete translation & short explanation of the Holy Quran; the Book of our only Lord; ALLAH. Please subscribe to our channel And Press the bell Button. Also, like our videos and share them with family and friends..."
12. Maida 12-86 # Dora Quran 2025,Standalone Keynotes,Socio-Spiritual Ethics & Family,Social & Family Ethics,2025-03-07,Friday,7,65,5,0,7.69,48:56,https://i.ytimg.com/vi/_VqICGGYAd8/maxresdefault.jpg,https://youtube.com/watch?v=_VqICGGYAd8,_VqICGGYAd8,"#quran #ramazan #tarjuma #tarjumaequran #muhammad A complete translation & short explanation of the Holy Quran; the Book of our only Lord; ALLAH. Please subscribe to our channel And Press the bell Button. Also, like our videos and share them with family and friends..."
30** Start Sora kahaf | Ramzan 26,Standalone Keynotes,Socio-Spiritual Ethics & Family,Social & Family Ethics,2026-03-05,Thursday,4,64,5,0,7.81,20:53,https://i.ytimg.com/vi/nbQBe8p2V98/maxresdefault.jpg,https://youtube.com/watch?v=nbQBe8p2V98,nbQBe8p2V98,"#quran #ramazan #tarjuma #tarjumaequran #muhammad A complete translation & short explanation of the Holy Quran; the Book of our only Lord; ALLAH. Please subscribe to our channel And Press the bell Button. Also, like our videos and share them with family and friends..."
حضرت نوح، ھود، صالح علیہم السلام,Standalone Keynotes,Socio-Spiritual Ethics & Family,Social & Family Ethics,2024-09-23,Monday,5,64,8,0,12.5,01:47:21,https://i.ytimg.com/vi/cK7sW1RhO7A/maxresdefault.jpg,https://youtube.com/watch?v=cK7sW1RhO7A,cK7sW1RhO7A,"#quran #ramazan #tarjuma #tarjumaequran #muhammad A complete translation & short explanation of the Holy Quran; the Book of our only Lord; ALLAH. Please subscribe to our channel And Press the bell Button. Also, like our videos and share them with family and friends..."
Azmat e Quran by Saahib e Quran SAW | عظمتِ قرآن بزبانِ صاحبِ قرآنﷺ | Khutba e Jumma | 10-03-23,General Discourse,Socio-Spiritual Ethics & Family,Social & Family Ethics,2023-03-11,Saturday,5,64,4,0,6.25,31:18,https://i.ytimg.com/vi/REVkgym-Wsg/maxresdefault.jpg,https://youtube.com/watch?v=REVkgym-Wsg,REVkgym-Wsg,"#quran #muhammad #ramazan #justice #fitnah Please subscribe to our channel And Press the bell Button. Also, like our videos and share them with family and friends..."
لا اله الا الله.,Standalone Keynotes,General Public Address,Unassigned Overview Topics,2024-04-29,Monday,1,63,7,1,12.7,03:02,https://i.ytimg.com/vi/BOeunT1FIGU/sddefault.jpg,https://youtube.com/watch?v=BOeunT1FIGU,BOeunT1FIGU,#muhammad #quran #tarjuma #ramazan #tarjumaequran #lailahaillallah
بتانِ وہم و گماں لا الہ الا اللہ| Iqbal & Quran with friends | ضربِ کلیم | Ep.05,General Discourse,Iqbalian Philosophy (Fikr-e-Iqbal),Zarb-e-Kalim,2023-02-22,Wednesday,5,63,7,0,11.11,09:40,https://i.ytimg.com/vi/8MbaiFskr1A/maxresdefault.jpg,https://youtube.com/watch?v=8MbaiFskr1A,8MbaiFskr1A,"A collective study of Kalam e Iqbal with reference to the Quran. Please subscribe to our channel And Press the bell Button. Also, like our videos and share them with family and friends..."
"2- Deaf, Dumb & Blind | Striking examples in Quran",Standalone Keynotes,Socio-Spiritual Ethics & Family,Social & Family Ethics,2026-07-04,Saturday,11,62,12,1,20.97,48:35,https://i.ytimg.com/vi/rYPBXkFHZbw/maxresdefault.jpg,https://youtube.com/watch?v=rYPBXkFHZbw,rYPBXkFHZbw,"#quran #ramazan #tarjuma #tarjumaequran #muhammad A complete translation & short explanation of the Holy Quran; the Book of our only Lord; ALLAH. Please subscribe to our channel And Press the bell Button. Also, like our videos and share them with family and friends..."
استقبال رمضان 2026,Standalone Keynotes,Socio-Spiritual Ethics & Family,Social & Family Ethics,2026-02-15,Sunday,5,62,5,0,8.06,01:01:40,https://i.ytimg.com/vi/NDGx7flyYoE/maxresdefault.jpg,https://youtube.com/watch?v=NDGx7flyYoE,NDGx7flyYoE,"#quran #ramazan #tarjuma #tarjumaequran #muhammad A complete translation & short explanation of the Holy Quran; the Book of our only Lord; ALLAH. Please subscribe to our channel And Press the bell Button. Also, like our videos and share them with family and friends..."
9a. makki dawat. Araaf 3,Standalone Keynotes,Socio-Spiritual Ethics & Family,Social & Family Ethics,2024-03-20,Wednesday,4,62,5,1,9.68,01:02:56,https://i.ytimg.com/vi/xlZTAeEoVuU/maxresdefault.jpg,https://youtube.com/watch?v=xlZTAeEoVuU,xlZTAeEoVuU,"#quran #ramazan #tarjuma #tarjumaequran #muhammad A complete translation & short explanation of the Holy Quran; the Book of our only Lord; ALLAH. Please subscribe to our channel And Press the bell Button. Also, like our videos and share them with family and friends..."
"42. Sorat Fatir, Yaseen, Saffaat # Dora Quran 2025",Standalone Keynotes,Socio-Spiritual Ethics & Family,Social & Family Ethics,2025-03-22,Saturday,6,61,4,0,6.56,01:45:00,https://i.ytimg.com/vi/aoML6xyOdyg/maxresdefault.jpg,https://youtube.com/watch?v=aoML6xyOdyg,aoML6xyOdyg,"#quran #ramazan #tarjuma #tarjumaequran #muhammad A complete translation & short explanation of the Holy Quran; the Book of our only Lord; ALLAH. Please subscribe to our channel And Press the bell Button. Also, like our videos and share them with family and friends..."
71- Room complete | Dora Tarjuma Quran,Standalone Keynotes,Socio-Spiritual Ethics & Family,Social & Family Ethics,2024-02-18,Sunday,2,61,6,0,9.84,51:13,https://i.ytimg.com/vi/p1U_QAV2TEc/maxresdefault.jpg,https://youtube.com/watch?v=p1U_QAV2TEc,p1U_QAV2TEc,"#quran #ramazan #tarjuma #tarjumaequran #muhammad A complete translation & short explanation of the Holy Quran; the Book of our only Lord; ALLAH. Please subscribe to our channel And Press the bell Button. Also, like our videos and share them with family and friends... Please subscribe to our channel And Press the bell Button. Also, like our videos and share them with family and friends..."
62- Noor R7-9/A51-64 | Dora Tarjuma Quran,Standalone Keynotes,Socio-Spiritual Ethics & Family,Social & Family Ethics,2024-02-03,Saturday,4,61,7,0,11.48,28:30,https://i.ytimg.com/vi/ycOLnD8Qbj8/maxresdefault.jpg,https://youtube.com/watch?v=ycOLnD8Qbj8,ycOLnD8Qbj8,"#quran #ramazan #tarjuma #tarjumaequran #muhammad A complete translation & short explanation of the Holy Quran; the Book of our only Lord; ALLAH. Please subscribe to our channel And Press the bell Button. Also, like our videos and share them with family and friends... Please subscribe to our channel And Press the bell Button. Also, like our videos and share them with family and friends..."
12-  Aal e Imran R17-20 | Dora Tarjuma Quran 2023,Standalone Keynotes,Socio-Spiritual Ethics & Family,Social & Family Ethics,2023-06-27,Tuesday,11,61,9,1,16.39,47:35,https://i.ytimg.com/vi/04XY8HIyfYU/maxresdefault.jpg,https://youtube.com/watch?v=04XY8HIyfYU,04XY8HIyfYU,"#quran #ramazan #tarjuma #tarjumaequran #muhammad A complete translation & short explanation of the Holy Quran; the Book of our only Lord; ALLAH. Please subscribe to our channel And Press the bell Button. Also, like our videos and share them with family and friends... Please subscribe to our channel And Press the bell Button. Also, like our videos and share them with family and friends..."
5 stages of life | زندگی کے 5 مراحل |Special Lecture 7A,General Discourse,Socio-Spiritual Ethics & Family,Social & Family Ethics,2023-01-09,Monday,15,61,8,0,13.11,50:59,https://i.ytimg.com/vi/541C5Wtulac/maxresdefault.jpg,https://youtube.com/watch?v=541C5Wtulac,541C5Wtulac,"Special Lecture series # 7A From Spiritual life to eternal life after death, different stages of life. Childhood, adulthood, youth, old life, and the real purpose of life عالمِ ارواح سے لیکر آخرت کی ابدی زنگی تک انسانی زندگی کے مختلف مراحل بچپن، لڑکپن، جوانی،ادھیڑعمری اور بڑھاپے کے دوران کرنے کا اصل کام #life #childhood #adulthood #Youth #old #death #hereafter #quran #بچپن #جوانی #بڑھاپا #لڑکپن Please subscribe to our channel And Press the bell Button. So, You can receive our latest videos... Also, like our videos and share them with family and friends... If you have any questions or suggestio..."
23. Sorat Hood # Dora Quran 2025,Standalone Keynotes,Civilizational History & Seerah,Prophetic Era (Seerah),2025-03-12,Wednesday,7,60,5,0,8.33,01:06:48,https://i.ytimg.com/vi/sU9XY2yv6-U/maxresdefault.jpg,https://youtube.com/watch?v=sU9XY2yv6-U,sU9XY2yv6-U,"#quran #ramazan #tarjuma #tarjumaequran #muhammad A complete translation & short explanation of the Holy Quran; the Book of our only Lord; ALLAH. Please subscribe to our channel And Press the bell Button. Also, like our videos and share them with family and friends..."
16. Quranic Arabic Class | To order & Rule of vowels,Standalone Keynotes,Socio-Spiritual Ethics & Family,Social & Family Ethics,2025-02-20,Thursday,5,60,4,0,6.67,01:24:26,https://i.ytimg.com/vi/lXdJss2UixM/maxresdefault.jpg,https://youtube.com/watch?v=lXdJss2UixM,lXdJss2UixM,"#quran #ramazan #tarjuma #tarjumaequran #muhammad A complete translation & short explanation of the Holy Quran; the Book of our only Lord; ALLAH. Please subscribe to our channel And Press the bell Button. Also, like our videos and share them with family and friends..."
"Quran, Justice & Pakistan",Standalone Keynotes,Socio-Spiritual Ethics & Family,Social & Family Ethics,2024-07-29,Monday,5,60,4,0,6.67,01:02:41,https://i.ytimg.com/vi/44xEqRyrSJU/sddefault.jpg,https://youtube.com/watch?v=44xEqRyrSJU,44xEqRyrSJU,"#quran #ramazan #tarjuma #tarjumaequran #muhammad A complete translation & short explanation of the Holy Quran; the Book of our only Lord; ALLAH. Please subscribe to our channel And Press the bell Button. Also, like our videos and share them with family and friends..."
Muhammad S.A.W | اسمِ محمد صلی اللّٰہ علیہ وسلم,General Discourse,General Public Address,Unassigned Overview Topics,2023-11-24,Friday,12,60,8,2,16.67,21:54,https://i.ytimg.com/vi/B7rxo_m1TGM/maxresdefault.jpg,https://youtube.com/watch?v=B7rxo_m1TGM,B7rxo_m1TGM,"Most beautiful, most perfect, most praiseworthy, and most beloved name."
09- Aale Imran R1-6 | Dora Tarjuma Quran 2023,Standalone Keynotes,Socio-Spiritual Ethics & Family,Social & Family Ethics,2023-05-28,Sunday,21,60,7,0,11.67,48:58,https://i.ytimg.com/vi/Q_j_5cUn5yk/maxresdefault.jpg,https://youtube.com/watch?v=Q_j_5cUn5yk,Q_j_5cUn5yk,"#quran #ramazan #tarjuma #tarjumaequran #muhammad A complete translation & short explanation of the Holy Quran; the Book of our only Lord; ALLAH. Please subscribe to our channel And Press the bell Button. Also, like our videos and share them with family and friends... Please subscribe to our channel And Press the bell Button. Also, like our videos and share them with family and friends..."
Welcome Ramazan 2025,General Discourse,General Public Address,Unassigned Overview Topics,2025-02-28,Friday,3,59,3,0,5.08,01:00,https://i.ytimg.com/vi/WNjw3MkZoZs/sddefault.jpg,https://youtube.com/watch?v=WNjw3MkZoZs,WNjw3MkZoZs,
11c. Stories of Nations. why they fell? Sorat Hood,Standalone Keynotes,Socio-Spiritual Ethics & Family,Social & Family Ethics,2024-04-05,Friday,5,59,3,0,5.08,50:02,https://i.ytimg.com/vi/wDHQmRMUg5E/maxresdefault.jpg,https://youtube.com/watch?v=wDHQmRMUg5E,wDHQmRMUg5E,"#quran #ramazan #tarjuma #tarjumaequran #muhammad A complete translation & short explanation of the Holy Quran; the Book of our only Lord; ALLAH. Please subscribe to our channel And Press the bell Button. Also, like our videos and share them with family and friends..."
7c. Debate of Ibrahim A.S. Anaam 2,Standalone Keynotes,Socio-Spiritual Ethics & Family,Social & Family Ethics,2024-03-18,Monday,7,59,1,0,1.69,01:01:42,https://i.ytimg.com/vi/leWlqMPf3nY/maxresdefault.jpg,https://youtube.com/watch?v=leWlqMPf3nY,leWlqMPf3nY,"#quran #ramazan #tarjuma #tarjumaequran #muhammad A complete translation & short explanation of the Holy Quran; the Book of our only Lord; ALLAH. Please subscribe to our channel And Press the bell Button. Also, like our videos and share them with family and friends..."
HSE Istiqbal e Ramazan 2026,Standalone Keynotes,Iqbalian Philosophy (Fikr-e-Iqbal),General Discussion,2026-02-16,Monday,9,58,7,0,12.07,59:56,https://i.ytimg.com/vi/Gw7K0aq5lzU/maxresdefault.jpg,https://youtube.com/watch?v=Gw7K0aq5lzU,Gw7K0aq5lzU,"#quran #ramazan #tarjuma #tarjumaequran #muhammad A complete translation & short explanation of the Holy Quran; the Book of our only Lord; ALLAH. Please subscribe to our channel And Press the bell Button. Also, like our videos and share them with family and friends..."
5/14 Quranic Arabic Learning,Standalone Keynotes,Socio-Spiritual Ethics & Family,Social & Family Ethics,2026-01-31,Saturday,5,58,3,0,5.17,01:09:25,https://i.ytimg.com/vi/nwJCqOpfvpo/maxresdefault.jpg,https://youtube.com/watch?v=nwJCqOpfvpo,nwJCqOpfvpo,"#quran #ramazan #tarjuma #tarjumaequran #muhammad A complete translation & short explanation of the Holy Quran; the Book of our only Lord; ALLAH. Please subscribe to our channel And Press the bell Button. Also, like our videos and share them with family and friends..."
51. Sorat Waqia 40 to Sorat Mujadila end # Dora Quran 2025,Standalone Keynotes,Socio-Spiritual Ethics & Family,Social & Family Ethics,2025-03-25,Tuesday,19,58,6,0,10.34,01:03:16,https://i.ytimg.com/vi/em_VontBl7M/maxresdefault.jpg,https://youtube.com/watch?v=em_VontBl7M,em_VontBl7M,"#quran #ramazan #tarjuma #tarjumaequran #muhammad A complete translation & short explanation of the Holy Quran; the Book of our only Lord; ALLAH. Please subscribe to our channel And Press the bell Button. Also, like our videos and share them with family and friends..."
33. Sora Mominon & Noor 26 # Dora Quran 2025,Standalone Keynotes,Socio-Spiritual Ethics & Family,Social & Family Ethics,2025-03-16,Sunday,19,58,6,0,10.34,01:23:06,https://i.ytimg.com/vi/bS4OS9HRO6M/maxresdefault.jpg,https://youtube.com/watch?v=bS4OS9HRO6M,bS4OS9HRO6M,"#quran #ramazan #tarjuma #tarjumaequran #muhammad A complete translation & short explanation of the Holy Quran; the Book of our only Lord; ALLAH. Please subscribe to our channel And Press the bell Button. Also, like our videos and share them with family and friends..."
"15. Quranic Arabic Class | Matter, Die & shapes",Standalone Keynotes,Socio-Spiritual Ethics & Family,Social & Family Ethics,2025-02-19,Wednesday,5,58,2,0,3.45,01:16:16,https://i.ytimg.com/vi/ld5yjE_y6TE/maxresdefault.jpg,https://youtube.com/watch?v=ld5yjE_y6TE,ld5yjE_y6TE,"#quran #ramazan #tarjuma #tarjumaequran #muhammad A complete translation & short explanation of the Holy Quran; the Book of our only Lord; ALLAH. Please subscribe to our channel And Press the bell Button. Also, like our videos and share them with family and friends..."
3b. Economic guidance. Baqara,Standalone Keynotes,Socio-Spiritual Ethics & Family,Social & Family Ethics,2024-03-14,Thursday,9,58,4,0,6.9,01:09:30,https://i.ytimg.com/vi/cWmmsFdRrm0/maxresdefault.jpg,https://youtube.com/watch?v=cWmmsFdRrm0,cWmmsFdRrm0,"#quran #ramazan #tarjuma #tarjumaequran #muhammad A complete translation & short explanation of the Holy Quran; the Book of our only Lord; ALLAH. Please subscribe to our channel And Press the bell Button. Also, like our videos and share them with family and friends... Please subscribe to our channel And Press the bell Button. Also, like our videos and share them with family and friends..."
وقل لعبادى يقول التى هى احسن,General Discourse,General Public Address,Unassigned Overview Topics,2023-12-14,Thursday,20,58,14,0,24.14,00:53,https://i.ytimg.com/vi/dmaiiszKYPc/maxresdefault.jpg,https://youtube.com/watch?v=dmaiiszKYPc,dmaiiszKYPc,
Shame -5 | حیا و پاکبازی | Quranic Case Study | سورۃ یوسف | Special Lecture 12,General Discourse,Constitutional Law & Statecraft,Amendments & Legal History,2023-02-08,Wednesday,3,58,5,0,8.62,26:44,https://i.ytimg.com/vi/LnN1la7XitU/maxresdefault.jpg,https://youtube.com/watch?v=LnN1la7XitU,LnN1la7XitU,"Sex Discipline in Islam -5 | حیا و پاکبازی | Quranic Case Study | سورۃ یوسف | Special Lecture 12 This is a group of lectures about the Quranic descriptions of Islamic principles of Shame, Chastity, Sex Discipline, and refraining from vulgarity. #vulgarity #shame #Chastity #Sex_discipline #dress #shatan Please subscribe to our channel And Press the bell Button. So, You can receive our latest videos... Also, like our videos and share them with family and friends... If you have any questions or suggestions please let us know through your valuable comments... Thanks for watching this video.."
Join us this year #quran #tarjumaequran https://maps.app.goo.gl/FDSR4wpXbUg9eKoaA?g_st=aw,Standalone Keynotes,General Public Address,Unassigned Overview Topics,2026-02-14,Saturday,4,57,3,0,5.26,00:22,https://i.ytimg.com/vi/zxMCBcg5cYc/maxresdefault.jpg,https://youtube.com/watch?v=zxMCBcg5cYc,zxMCBcg5cYc,
2/14 Quranic Arabic Learning,Standalone Keynotes,Socio-Spiritual Ethics & Family,Social & Family Ethics,2026-01-19,Monday,6,57,2,0,3.51,01:36:30,https://i.ytimg.com/vi/Pd07uYwom6E/maxresdefault.jpg,https://youtube.com/watch?v=Pd07uYwom6E,Pd07uYwom6E,"#quran #ramazan #tarjuma #tarjumaequran #muhammad A complete translation & short explanation of the Holy Quran; the Book of our only Lord; ALLAH. Please subscribe to our channel And Press the bell Button. Also, like our videos and share them with family and friends..."
32. Sorat Hajj # Dora Quran 2025,Standalone Keynotes,Socio-Spiritual Ethics & Family,Social & Family Ethics,2025-03-16,Sunday,18,57,5,0,8.77,01:27:38,https://i.ytimg.com/vi/Wfn2BUhRxx4/maxresdefault.jpg,https://youtube.com/watch?v=Wfn2BUhRxx4,Wfn2BUhRxx4,"#quran #ramazan #tarjuma #tarjumaequran #muhammad A complete translation & short explanation of the Holy Quran; the Book of our only Lord; ALLAH. Please subscribe to our channel And Press the bell Button. Also, like our videos and share them with family and friends..."
28. Sorat Bani israel # Dora Quran 2025,Standalone Keynotes,Socio-Spiritual Ethics & Family,Social & Family Ethics,2025-03-15,Saturday,6,57,7,0,12.28,01:42:35,https://i.ytimg.com/vi/rHxVEO35XdU/maxresdefault.jpg,https://youtube.com/watch?v=rHxVEO35XdU,rHxVEO35XdU,"#quran #ramazan #tarjuma #tarjumaequran #muhammad A complete translation & short explanation of the Holy Quran; the Book of our only Lord; ALLAH. Please subscribe to our channel And Press the bell Button. Also, like our videos and share them with family and friends..."
7. Quranic Arabic Class | To Question & Intro of Verb,Standalone Keynotes,Socio-Spiritual Ethics & Family,Social & Family Ethics,2025-02-06,Thursday,4,57,3,0,5.26,01:08:31,https://i.ytimg.com/vi/69jXKCuUML0/maxresdefault.jpg,https://youtube.com/watch?v=69jXKCuUML0,69jXKCuUML0,"#quran #ramazan #tarjuma #tarjumaequran #muhammad A complete translation & short explanation of the Holy Quran; the Book of our only Lord; ALLAH. Please subscribe to our channel And Press the bell Button. Also, like our videos and share them with family and friends..."
10- Aal e Imran R7-12 | Dora Tarjuma Quran 2023,Standalone Keynotes,Socio-Spiritual Ethics & Family,Social & Family Ethics,2023-06-08,Thursday,9,57,9,2,19.3,01:02:42,https://i.ytimg.com/vi/YFyR8eRwsAk/maxresdefault.jpg,https://youtube.com/watch?v=YFyR8eRwsAk,YFyR8eRwsAk,"#quran #ramazan #tarjuma #tarjumaequran #muhammad A complete translation & short explanation of the Holy Quran; the Book of our only Lord; ALLAH. Please subscribe to our channel And Press the bell Button. Also, like our videos and share them with family and friends... Please subscribe to our channel And Press the bell Button. Also, like our videos and share them with family and friends..."
56. Sorah Rahman & Waqia | Ramzan 26,Standalone Keynotes,Socio-Spiritual Ethics & Family,Social & Family Ethics,2026-03-15,Sunday,8,56,3,0,5.36,40:46,https://i.ytimg.com/vi/qi_ybV6Z6kc/maxresdefault.jpg,https://youtube.com/watch?v=qi_ybV6Z6kc,qi_ybV6Z6kc,"#quran #ramazan #tarjuma #tarjumaequran #muhammad A complete translation & short explanation of the Holy Quran; the Book of our only Lord; ALLAH. Please subscribe to our channel And Press the bell Button. Also, like our videos and share them with family and friends..."
27. Sorat Nahl # Dora Quran 2025,Standalone Keynotes,Socio-Spiritual Ethics & Family,Social & Family Ethics,2025-03-14,Friday,7,56,9,0,16.07,01:20:05,https://i.ytimg.com/vi/YWMxwdLCtiQ/maxresdefault.jpg,https://youtube.com/watch?v=YWMxwdLCtiQ,YWMxwdLCtiQ,"#quran #ramazan #tarjuma #tarjumaequran #muhammad A complete translation & short explanation of the Holy Quran; the Book of our only Lord; ALLAH. Please subscribe to our channel And Press the bell Button. Also, like our videos and share them with family and friends..."
14. Quranic Arabic Class | Revision of verb & Intro of shapes,Standalone Keynotes,Socio-Spiritual Ethics & Family,Social & Family Ethics,2025-02-18,Tuesday,5,56,2,0,3.57,01:32:25,https://i.ytimg.com/vi/So11mozZ8hc/maxresdefault.jpg,https://youtube.com/watch?v=So11mozZ8hc,So11mozZ8hc,"#quran #ramazan #tarjuma #tarjumaequran #muhammad A complete translation & short explanation of the Holy Quran; the Book of our only Lord; ALLAH. Please subscribe to our channel And Press the bell Button. Also, like our videos and share them with family and friends..."
11. Quranic Arabic Class | Past & Present tense,Standalone Keynotes,Socio-Spiritual Ethics & Family,Social & Family Ethics,2025-02-12,Wednesday,4,56,4,0,7.14,01:07:55,https://i.ytimg.com/vi/YxAJtrwJ_QE/maxresdefault.jpg,https://youtube.com/watch?v=YxAJtrwJ_QE,YxAJtrwJ_QE,"#quran #ramazan #tarjuma #tarjumaequran #muhammad A complete translation & short explanation of the Holy Quran; the Book of our only Lord; ALLAH. Please subscribe to our channel And Press the bell Button. Also, like our videos and share them with family and friends..."
9c. How to fight? Anfaal 2,Standalone Keynotes,Socio-Spiritual Ethics & Family,Social & Family Ethics,2024-03-20,Wednesday,7,56,6,0,10.71,55:10,https://i.ytimg.com/vi/o1uVM5OLL8U/maxresdefault.jpg,https://youtube.com/watch?v=o1uVM5OLL8U,o1uVM5OLL8U,"#quran #ramazan #tarjuma #tarjumaequran #muhammad A complete translation & short explanation of the Holy Quran; the Book of our only Lord; ALLAH. Please subscribe to our channel And Press the bell Button. Also, like our videos and share them with family and friends..."
51- Kahaf R9-12/A60-110 | Dora Tarjuma Quran,Standalone Keynotes,Socio-Spiritual Ethics & Family,Social & Family Ethics,2023-12-20,Wednesday,2,56,6,0,10.71,41:29,https://i.ytimg.com/vi/sguefhL_9SM/maxresdefault.jpg,https://youtube.com/watch?v=sguefhL_9SM,sguefhL_9SM,"#quran #ramazan #tarjuma #tarjumaequran #muhammad A complete translation & short explanation of the Holy Quran; the Book of our only Lord; ALLAH. Please subscribe to our channel And Press the bell Button. Also, like our videos and share them with family and friends... Please subscribe to our channel And Press the bell Button. Also, like our videos and share them with family and friends..."
History of Bani Israeel,Standalone Keynotes,Civilizational History & Seerah,General Discussion,2025-01-05,Sunday,4,55,4,0,7.27,58:20,https://i.ytimg.com/vi/C69hWU0G5wg/maxresdefault.jpg,https://youtube.com/watch?v=C69hWU0G5wg,C69hWU0G5wg,"#quran #ramazan #tarjuma #tarjumaequran #muhammad A complete translation & short explanation of the Holy Quran; the Book of our only Lord; ALLAH. Please subscribe to our channel And Press the bell Button. Also, like our videos and share them with family and friends..."
"28b. Reality of Man, Hidayat & Seerat. Shams to Alaq",Standalone Keynotes,Civilizational History & Seerah,Prophetic Era (Seerah),2024-04-08,Monday,6,55,2,0,3.64,01:25:47,https://i.ytimg.com/vi/KIznPFz5vn0/maxresdefault.jpg,https://youtube.com/watch?v=KIznPFz5vn0,KIznPFz5vn0,"#quran #ramazan #tarjuma #tarjumaequran #muhammad A complete translation & short explanation of the Holy Quran; the Book of our only Lord; ALLAH. Please subscribe to our channel And Press the bell Button. Also, like our videos and share them with family and friends..."
5c. Migration & War. Nisaa 3,Standalone Keynotes,Socio-Spiritual Ethics & Family,Social & Family Ethics,2024-03-16,Saturday,7,55,7,0,12.73,54:04,https://i.ytimg.com/vi/gaj_W1XGDWk/maxresdefault.jpg,https://youtube.com/watch?v=gaj_W1XGDWk,gaj_W1XGDWk,"#quran #ramazan #tarjuma #tarjumaequran #muhammad A complete translation & short explanation of the Holy Quran; the Book of our only Lord; ALLAH. Please subscribe to our channel And Press the bell Button. Also, like our videos and share them with family and friends... Please subscribe to our channel And Press the bell Button. Also, like our videos and share them with family and friends..."
56- Hajj R1-9/A1-72 | Dora Tarjuma Quran,Standalone Keynotes,Socio-Spiritual Ethics & Family,Social & Family Ethics,2024-01-25,Thursday,4,55,6,0,10.91,51:13,https://i.ytimg.com/vi/MXNwmDMzx8k/maxresdefault.jpg,https://youtube.com/watch?v=MXNwmDMzx8k,MXNwmDMzx8k,"#quran #ramazan #tarjuma #tarjumaequran #muhammad A complete translation & short explanation of the Holy Quran; the Book of our only Lord; ALLAH. Please subscribe to our channel And Press the bell Button. Also, like our videos and share them with family and friends... Please subscribe to our channel And Press the bell Button. Also, like our videos and share them with family and friends..."
Quranic Economic principles -6 | اسلام کا اخلاقی معاشی نظام,General Discourse,Socio-Spiritual Ethics & Family,Social & Family Ethics,2023-05-23,Tuesday,5,55,5,1,10.91,15:42,https://i.ytimg.com/vi/oKHpEJxZ9X0/maxresdefault.jpg,https://youtube.com/watch?v=oKHpEJxZ9X0,oKHpEJxZ9X0,"قرآن کی معاشی تعلیمات -6 | Special lecture series # 21. Please subscribe to our channel And Press the bell Button. Also, like our videos and share them with family and friends..."
Iblees ki majlis e shoora | ابلیس کی مجلسِ شورٰی | Kalam e Iqbal 3,General Discourse,Iqbalian Philosophy (Fikr-e-Iqbal),General Discussion,2023-01-19,Thursday,4,55,5,0,9.09,01:11:56,https://i.ytimg.com/vi/LZANFNasezU/maxresdefault.jpg,https://youtube.com/watch?v=LZANFNasezU,LZANFNasezU,"Iblees ki majlis e shoora | ابلیس کی مجلسِ شورٰی | Kalam e Iqbal The last message of Iqbal to the nation is, Devil with his consultants is planning the world control and ummat e muslima. #communism #capitalism #democracy #monarchy #romanempire #islam #islamicsystem #muhammad #prophet #ummatemuslima Please subscribe to our channel And Press Bell Button. So, You can receive our latest videos... Also, like our videos and share them with family and friends... If you have any questions or suggestions please let us know through your valuable comments... Thanks for watching this video..."
1st. Iran & America & Pakistan 01-05-26,General Discourse,Socio-Spiritual Ethics & Family,Social & Family Ethics,2026-05-24,Sunday,0,54,6,0,11.11,58:26,https://i.ytimg.com/vi/XUKmM7xZUqc/maxresdefault.jpg,https://youtube.com/watch?v=XUKmM7xZUqc,XUKmM7xZUqc,"#iran #america #iranisraelwar #pakistan #politics #currentaffairs #worldnews #gaza #israelpalestineconflict Please subscribe to our channel And Press the bell Button. Also, like our videos and share them with family and friends..."
3/14 Quranic Arabic Learning,Standalone Keynotes,Socio-Spiritual Ethics & Family,Social & Family Ethics,2026-01-24,Saturday,5,54,9,1,18.52,01:19:16,https://i.ytimg.com/vi/iOMO8w27xBI/maxresdefault.jpg,https://youtube.com/watch?v=iOMO8w27xBI,iOMO8w27xBI,"#quran #ramazan #tarjuma #tarjumaequran #muhammad A complete translation & short explanation of the Holy Quran; the Book of our only Lord; ALLAH. Please subscribe to our channel And Press the bell Button. Also, like our videos and share them with family and friends..."
49. Sorat Qaaf to Najm # Dora Quran 2025,Standalone Keynotes,Socio-Spiritual Ethics & Family,Social & Family Ethics,2025-03-24,Monday,19,54,6,0,11.11,01:00:07,https://i.ytimg.com/vi/I_8rnftg9NE/maxresdefault.jpg,https://youtube.com/watch?v=I_8rnftg9NE,I_8rnftg9NE,"#quran #ramazan #tarjuma #tarjumaequran #muhammad A complete translation & short explanation of the Holy Quran; the Book of our only Lord; ALLAH. Please subscribe to our channel And Press the bell Button. Also, like our videos and share them with family and friends..."
Independence ! But How? Part 1,Standalone Keynotes,Socio-Spiritual Ethics & Family,Social & Family Ethics,2024-08-14,Wednesday,0,54,3,0,5.56,27:18,https://i.ytimg.com/vi/PNqW9sPQnyQ/maxresdefault.jpg,https://youtube.com/watch?v=PNqW9sPQnyQ,PNqW9sPQnyQ,"#quran #ramazan #tarjuma #tarjumaequran #muhammad #independenceday #independence #palastine #bangladesh #pakistan #musa #firun #israel A complete translation & short explanation of the Holy Quran; the Book of our only Lord; ALLAH. Please subscribe to our channel And Press the bell Button. Also, like our videos and share them with family and friends..."
94- Hujurat R1/A1-10 | Dora Tarjuma Quran,Standalone Keynotes,Socio-Spiritual Ethics & Family,Social & Family Ethics,2024-03-18,Monday,3,54,1,0,1.85,38:12,https://i.ytimg.com/vi/P-LiRF3e9Aw/maxresdefault.jpg,https://youtube.com/watch?v=P-LiRF3e9Aw,P-LiRF3e9Aw,"#quran #ramazan #tarjuma #tarjumaequran #muhammad A complete translation & short explanation of the Holy Quran; the Book of our only Lord; ALLAH. Please subscribe to our channel And Press the bell Button. Also, like our videos and share them with family and friends... Please subscribe to our channel And Press the bell Button. Also, like our videos and share them with family and friends..."
4b. Battle of Uhad. Aal e Imran 3,Standalone Keynotes,Civilizational History & Seerah,General Discussion,2024-03-15,Friday,5,54,3,0,5.56,50:30,https://i.ytimg.com/vi/Fuc_WeHBfGE/maxresdefault.jpg,https://youtube.com/watch?v=Fuc_WeHBfGE,Fuc_WeHBfGE,"#quran #ramazan #tarjuma #tarjumaequran #muhammad A complete translation & short explanation of the Holy Quran; the Book of our only Lord; ALLAH. Please subscribe to our channel And Press the bell Button. Also, like our videos and share them with family and friends... Please subscribe to our channel And Press the bell Button. Also, like our videos and share them with family and friends..."
59- Noor R1-2/A1-20 | Dora Tarjuma Quran,Standalone Keynotes,Socio-Spiritual Ethics & Family,Social & Family Ethics,2024-01-29,Monday,5,54,8,3,20.37,41:38,https://i.ytimg.com/vi/V8fgUww8DDo/maxresdefault.jpg,https://youtube.com/watch?v=V8fgUww8DDo,V8fgUww8DDo,"#quran #ramazan #tarjuma #tarjumaequran #muhammad A complete translation & short explanation of the Holy Quran; the Book of our only Lord; ALLAH. Please subscribe to our channel And Press the bell Button. Also, like our videos and share them with family and friends... Please subscribe to our channel And Press the bell Button. Also, like our videos and share them with family and friends..."
Laws against Human rights | بنیادی انسانی حقوق کے خلاف قوانین,General Discourse,Constitutional Law & Statecraft,Amendments & Legal History,2023-11-14,Tuesday,1,54,3,0,5.56,12:12,https://i.ytimg.com/vi/MY9bSJW47aE/maxresdefault.jpg,https://youtube.com/watch?v=MY9bSJW47aE,MY9bSJW47aE,"Combined study and discussion on Constitution of Pakistan #constitutionalrights #humanrights #state #fundamentalrights #treason #constitution #pakistan #quran #islam #constitutionallaw #constitution_making #قرارداد Please subscribe to our channel And Press the bell Button. Also, like our videos and share them with family and friends..."
Quranic Economic principles -2 |بازارِ مدینہ، ذخیرہ اندوزی، کرپشن۔ حلال بھرپور کماؤ | misdeclaration,General Discourse,Socio-Spiritual Ethics & Family,Social & Family Ethics,2023-02-28,Tuesday,2,54,3,0,5.56,33:33,https://i.ytimg.com/vi/DWB9gNrGQrU/maxresdefault.jpg,https://youtube.com/watch?v=DWB9gNrGQrU,DWB9gNrGQrU,"Quranic Economic principles -2. Special lecture # 17. #bribe #bazaremadina #corruption #misdeclaration #concealment #ذخیرہ-اندوزی #بازارِمدینہ #مدینہ #muhammad #quran #economy #کرپشن Please subscribe to our channel And Press the bell Button. Also, like our videos and share them with family and friends..."
20. Anfaal 20-75 # Dora Quran 2025,Standalone Keynotes,Civilizational History & Seerah,Prophetic Era (Seerah),2025-03-10,Monday,7,53,3,0,5.66,53:38,https://i.ytimg.com/vi/5Hi9M8ok8rA/maxresdefault.jpg,https://youtube.com/watch?v=5Hi9M8ok8rA,5Hi9M8ok8rA,"#quran #ramazan #tarjuma #tarjumaequran #muhammad A complete translation & short explanation of the Holy Quran; the Book of our only Lord; ALLAH. Please subscribe to our channel And Press the bell Button. Also, like our videos and share them with family and friends..."
کوہ طور سے فرعون کے سامنے تک,Standalone Keynotes,Socio-Spiritual Ethics & Family,Social & Family Ethics,2024-10-27,Sunday,4,53,5,1,11.32,01:04:41,https://i.ytimg.com/vi/lnf5ucNJbyw/maxresdefault.jpg,https://youtube.com/watch?v=lnf5ucNJbyw,lnf5ucNJbyw,"#quran #ramazan #tarjuma #tarjumaequran #muhammad A complete translation & short explanation of the Holy Quran; the Book of our only Lord; ALLAH. Please subscribe to our channel And Press the bell Button. Also, like our videos and share them with family and friends..."
تحریک آزادی کا قرآنی بیان 2,Standalone Keynotes,Socio-Spiritual Ethics & Family,Social & Family Ethics,2024-10-20,Sunday,4,53,6,0,11.32,55:46,https://i.ytimg.com/vi/6yovYvT6OxY/maxresdefault.jpg,https://youtube.com/watch?v=6yovYvT6OxY,6yovYvT6OxY,"#quran #ramazan #tarjuma #tarjumaequran #muhammad A complete translation & short explanation of the Holy Quran; the Book of our only Lord; ALLAH. Please subscribe to our channel And Press the bell Button. Also, like our videos and share them with family and friends..."
14c. Dajjaliat. Mosa and Khizr A.S. Kahaf 2,Standalone Keynotes,Socio-Spiritual Ethics & Family,Social & Family Ethics,2024-03-25,Monday,14,53,2,0,3.77,55:46,https://i.ytimg.com/vi/j7R8IEDjE6M/maxresdefault.jpg,https://youtube.com/watch?v=j7R8IEDjE6M,j7R8IEDjE6M,"#quran #ramazan #tarjuma #tarjumaequran #muhammad A complete translation & short explanation of the Holy Quran; the Book of our only Lord; ALLAH. Please subscribe to our channel And Press the bell Button. Also, like our videos and share them with family and friends..."
3c. Christian beliefs. Aal e Imran 1,Standalone Keynotes,Socio-Spiritual Ethics & Family,Social & Family Ethics,2024-03-14,Thursday,9,53,3,0,5.66,38:39,https://i.ytimg.com/vi/34PtzFqPMYQ/maxresdefault.jpg,https://youtube.com/watch?v=34PtzFqPMYQ,34PtzFqPMYQ,"#quran #ramazan #tarjuma #tarjumaequran #muhammad A complete translation & short explanation of the Holy Quran; the Book of our only Lord; ALLAH. Please subscribe to our channel And Press the bell Button. Also, like our videos and share them with family and friends... Please subscribe to our channel And Press the bell Button. Also, like our videos and share them with family and friends..."
41- Yusuf R5-12/A36-111 | Dora Tarjuma Quran,Standalone Keynotes,Socio-Spiritual Ethics & Family,Social & Family Ethics,2023-11-20,Monday,6,53,4,0,7.55,49:08,https://i.ytimg.com/vi/T2PHtSnUixM/maxresdefault.jpg,https://youtube.com/watch?v=T2PHtSnUixM,T2PHtSnUixM,"#quran #ramazan #tarjuma #tarjumaequran #muhammad A complete translation & short explanation of the Holy Quran; the Book of our only Lord; ALLAH. Please subscribe to our channel And Press the bell Button. Also, like our videos and share them with family and friends... Please subscribe to our channel And Press the bell Button. Also, like our videos and share them with family and friends..."
46. Sora Saba & Fatir | Ramzan 26,Standalone Keynotes,Socio-Spiritual Ethics & Family,Social & Family Ethics,2026-03-11,Wednesday,8,52,4,0,7.69,49:16,https://i.ytimg.com/vi/9HXsNtiJnxA/maxresdefault.jpg,https://youtube.com/watch?v=9HXsNtiJnxA,9HXsNtiJnxA,"#quran #ramazan #tarjuma #tarjumaequran #muhammad A complete translation & short explanation of the Holy Quran; the Book of our only Lord; ALLAH. Please subscribe to our channel And Press the bell Button. Also, like our videos and share them with family and friends..."
Last. Sorat Lail to Naas & Fatiha # Dora Quran 2025,Standalone Keynotes,Socio-Spiritual Ethics & Family,Social & Family Ethics,2025-03-28,Friday,20,52,8,0,15.38,02:02:04,https://i.ytimg.com/vi/cjo8OfvbN-w/maxresdefault.jpg,https://youtube.com/watch?v=cjo8OfvbN-w,cjo8OfvbN-w,"#quran #ramazan #tarjuma #tarjumaequran #muhammad A complete translation & short explanation of the Holy Quran; the Book of our only Lord; ALLAH. Please subscribe to our channel And Press the bell Button. Also, like our videos and share them with family and friends..."
40. Sorat Sajda & Ahzab ayat 40 # Dora Quran 2025,Standalone Keynotes,Socio-Spiritual Ethics & Family,Social & Family Ethics,2025-03-21,Friday,6,52,6,0,11.54,01:42:44,https://i.ytimg.com/vi/Wx-QtAYi5MQ/maxresdefault.jpg,https://youtube.com/watch?v=Wx-QtAYi5MQ,Wx-QtAYi5MQ,"#quran #ramazan #tarjuma #tarjumaequran #muhammad A complete translation & short explanation of the Holy Quran; the Book of our only Lord; ALLAH. Please subscribe to our channel And Press the bell Button. Also, like our videos and share them with family and friends..."
108- Nooh to Mudassir | Dora Tarjuma Quran,Standalone Keynotes,Socio-Spiritual Ethics & Family,Social & Family Ethics,2024-04-16,Tuesday,5,52,2,0,3.85,59:49,https://i.ytimg.com/vi/-_Bzbsh3BEg/maxresdefault.jpg,https://youtube.com/watch?v=-_Bzbsh3BEg,-_Bzbsh3BEg,"#quran #ramazan #tarjuma #tarjumaequran #muhammad A complete translation & short explanation of the Holy Quran; the Book of our only Lord; ALLAH. Please subscribe to our channel And Press the bell Button. Also, like our videos and share them with family and friends..."
21b. Sorat Yaseen. Heart of Quran. A single Ummati,Standalone Keynotes,Socio-Spiritual Ethics & Family,Social & Family Ethics,2024-04-01,Monday,6,52,1,0,1.92,01:06:41,https://i.ytimg.com/vi/a5-0shuVugw/maxresdefault.jpg,https://youtube.com/watch?v=a5-0shuVugw,a5-0shuVugw,"#quran #ramazan #tarjuma #tarjumaequran #muhammad A complete translation & short explanation of the Holy Quran; the Book of our only Lord; ALLAH. Please subscribe to our channel And Press the bell Button. Also, like our videos and share them with family and friends..."
7b. How Quran debates. Anaam 1,Standalone Keynotes,Socio-Spiritual Ethics & Family,Social & Family Ethics,2024-03-18,Monday,5,52,5,2,13.46,01:06:24,https://i.ytimg.com/vi/OYxMHKzzsig/maxresdefault.jpg,https://youtube.com/watch?v=OYxMHKzzsig,OYxMHKzzsig,"#quran #ramazan #tarjuma #tarjumaequran #muhammad A complete translation & short explanation of the Holy Quran; the Book of our only Lord; ALLAH. Please subscribe to our channel And Press the bell Button. Also, like our videos and share them with family and friends..."
"People of Heaven, Hell and in between | اہلِ جنت، اہلِ جہنم اوردرمیان والے | Dars e Quran",General Discourse,Socio-Spiritual Ethics & Family,Social & Family Ethics,2023-02-09,Thursday,16,52,11,1,23.08,39:57,https://i.ytimg.com/vi/iMhbtmuFUjE/maxresdefault.jpg,https://youtube.com/watch?v=iMhbtmuFUjE,iMhbtmuFUjE,"Dars e Quran Series # 2 According to the Quran, What will be the scene of hellfire and Heaven gardens. And what are the people of Aeraf i.e. People who will be in between the two? #jannat #jahannam #جنّت #جہنم Please subscribe to our channel And Press the bell Button. So, You can receive our latest videos... Also, like our videos and share them with family and friends... If you have any questions or suggestions please let us know through your valuable comments... Thanks for watching this video..."
41. Sorat Ahzab ayat 40 to Saba end # Dora Quran 2025,Standalone Keynotes,Socio-Spiritual Ethics & Family,Social & Family Ethics,2025-03-21,Friday,7,51,4,0,7.84,01:04:50,https://i.ytimg.com/vi/q9IWSUeYMJ0/maxresdefault.jpg,https://youtube.com/watch?v=q9IWSUeYMJ0,q9IWSUeYMJ0,"#quran #ramazan #tarjuma #tarjumaequran #muhammad A complete translation & short explanation of the Holy Quran; the Book of our only Lord; ALLAH. Please subscribe to our channel And Press the bell Button. Also, like our videos and share them with family and friends..."
13. Quranic Arabic Class | Different shapes of verb,Standalone Keynotes,Socio-Spiritual Ethics & Family,Social & Family Ethics,2025-02-15,Saturday,5,51,4,0,7.84,01:22:51,https://i.ytimg.com/vi/RRTDTPZ6fhQ/maxresdefault.jpg,https://youtube.com/watch?v=RRTDTPZ6fhQ,RRTDTPZ6fhQ,"#quran #ramazan #tarjuma #tarjumaequran #muhammad A complete translation & short explanation of the Holy Quran; the Book of our only Lord; ALLAH. Please subscribe to our channel And Press the bell Button. Also, like our videos and share them with family and friends..."
107- Mulk to Mearij | Dora Tarjuma Quran,Standalone Keynotes,Socio-Spiritual Ethics & Family,Social & Family Ethics,2024-04-15,Monday,0,51,5,0,9.8,55:44,https://i.ytimg.com/vi/SZ3IFUk3mjg/maxresdefault.jpg,https://youtube.com/watch?v=SZ3IFUk3mjg,SZ3IFUk3mjg,"#quran #ramazan #tarjuma #tarjumaequran #muhammad A complete translation & short explanation of the Holy Quran; the Book of our only Lord; ALLAH. Please subscribe to our channel And Press the bell Button. Also, like our videos and share them with family and friends..."
Dr Israr Ahmad's journey to Quran,Standalone Keynotes,Civilizational History & Seerah,Companions (Sahaba),2024-04-14,Sunday,17,51,3,2,9.8,06:08,https://i.ytimg.com/vi/O-C74UpqDOA/hqdefault.jpg,https://youtube.com/watch?v=O-C74UpqDOA,O-C74UpqDOA,#quran #tarjuma #ramazan #tarjumaequran #history #muhammad #sahaba #sahabiyat #drisrarahmed #drisrarahmad #pakistan #partision #slavery #indipendenceday
Benefit of Iman? | ایمان سے کیا ملتا ہے؟ | Khutbah e Jumma,Standalone Keynotes,Constitutional Law & Statecraft,Amendments & Legal History,2023-01-06,Friday,16,51,11,1,23.53,24:59,https://i.ytimg.com/vi/7qCKOKMH7Co/maxresdefault.jpg,https://youtube.com/watch?v=7qCKOKMH7Co,7qCKOKMH7Co,"Khutba e Jumma 06-01-23 | ایمان کے انفرادی ثمرات What do we gain from Iman individually | مجھے ایمان سے کیا حاصل ہوتا ہے؟ #iman #trustgod #tawakkul #obedience #obediencetogod #qadar A comparative study of beliefs and history of Islam & Christianity #ایمان #ایمان_تازہ_کریں #توکل #اطاعت #تقدیر #اطاعتِ رسول Please subscribe to our channel And Press Bell Button. So, You can receive our latest videos... Also, like our videos and share them with family and friends... If you have any questions or suggestions please let us know through your valuable comments... Thanks for watching this video..."
45. Sora Ahzab 40 to 73 | Ramzan 26,Standalone Keynotes,Socio-Spiritual Ethics & Family,Social & Family Ethics,2026-03-11,Wednesday,6,50,3,0,6.0,47:06,https://i.ytimg.com/vi/6OHSoFi3mpE/maxresdefault.jpg,https://youtube.com/watch?v=6OHSoFi3mpE,6OHSoFi3mpE,"#quran #ramazan #tarjuma #tarjumaequran #muhammad A complete translation & short explanation of the Holy Quran; the Book of our only Lord; ALLAH. Please subscribe to our channel And Press the bell Button. Also, like our videos and share them with family and friends..."
27. Sora Hijr & AnNahl 50 | Ramzan 26,Standalone Keynotes,Socio-Spiritual Ethics & Family,Social & Family Ethics,2026-03-03,Tuesday,7,50,3,0,6.0,57:10,https://i.ytimg.com/vi/GL9Mldd79_g/maxresdefault.jpg,https://youtube.com/watch?v=GL9Mldd79_g,GL9Mldd79_g,"#quran #ramazan #tarjuma #tarjumaequran #muhammad A complete translation & short explanation of the Holy Quran; the Book of our only Lord; ALLAH. Please subscribe to our channel And Press the bell Button. Also, like our videos and share them with family and friends..."
25. Sorat Raad # Dora Quran 2025,Standalone Keynotes,Socio-Spiritual Ethics & Family,Social & Family Ethics,2025-03-13,Thursday,7,50,5,0,10.0,43:00,https://i.ytimg.com/vi/PIHCdt7XBoQ/maxresdefault.jpg,https://youtube.com/watch?v=PIHCdt7XBoQ,PIHCdt7XBoQ,"#quran #ramazan #tarjuma #tarjumaequran #muhammad A complete translation & short explanation of the Holy Quran; the Book of our only Lord; ALLAH. Please subscribe to our channel And Press the bell Button. Also, like our videos and share them with family and friends..."
42-Raad R1-6/A1-43 | Dora Tarjuma Quran,Standalone Keynotes,Socio-Spiritual Ethics & Family,Social & Family Ethics,2023-11-22,Wednesday,10,50,8,4,24.0,56:12,https://i.ytimg.com/vi/yz0ROsmoG44/maxresdefault.jpg,https://youtube.com/watch?v=yz0ROsmoG44,yz0ROsmoG44,"#quran #ramazan #tarjuma #tarjumaequran #muhammad A complete translation & short explanation of the Holy Quran; the Book of our only Lord; ALLAH. Please subscribe to our channel And Press the bell Button. Also, like our videos and share them with family and friends... Please subscribe to our channel And Press the bell Button. Also, like our videos and share them with family and friends..."
تقدیر کا بہانہ | Fate's excuse,General Discourse,General Public Address,Unassigned Overview Topics,2023-11-03,Friday,16,50,5,1,12.0,27:44,https://i.ytimg.com/vi/WfaMP7d5bl4/sddefault.jpg,https://youtube.com/watch?v=WfaMP7d5bl4,WfaMP7d5bl4,Khutba e Jumma 03-11-23
نعمتوں سے متعلق پوچھا جائے گا۔,General Discourse,General Public Address,Unassigned Overview Topics,2025-04-01,Tuesday,18,49,8,1,18.37,01:09,https://i.ytimg.com/vi/yIY3rPSdKpg/maxresdefault.jpg,https://youtube.com/watch?v=yIY3rPSdKpg,yIY3rPSdKpg,تمہیں اللہ نے کیا کچھ دیا۔ تم نے آگے لوگوں کو وہ سب کچھ دیا ؟ صحت دی تو تم نے آگے دی ؟ تعلیم دی تو تم نے آگے دی ؟ روزی روٹی دی تم نے آگے دی ؟ امن و سکون دیا تم نے آگے دیا ؟ جینے کا حق دیا تم نے آگے دیا ؟ بولنے کی آزادی دی تم نے آگے دی ؟
حضرت لوطؑ و شعیبؑ علیہم السلام,Standalone Keynotes,Socio-Spiritual Ethics & Family,Social & Family Ethics,2024-10-05,Saturday,5,49,8,0,16.33,01:05:31,https://i.ytimg.com/vi/NyEDOZngt9c/sddefault.jpg,https://youtube.com/watch?v=NyEDOZngt9c,NyEDOZngt9c,"#quran #ramazan #tarjuma #tarjumaequran #muhammad A complete translation & short explanation of the Holy Quran; the Book of our only Lord; ALLAH. Please subscribe to our channel And Press the bell Button. Also, like our videos and share them with family and friends..."
Secularism & Mazhab bezari,Standalone Keynotes,Socio-Spiritual Ethics & Family,Social & Family Ethics,2024-05-20,Monday,17,49,6,2,16.33,22:46,https://i.ytimg.com/vi/3_wjilAH7gs/maxresdefault.jpg,https://youtube.com/watch?v=3_wjilAH7gs,3_wjilAH7gs,"#quran #ramazan #tarjuma #tarjumaequran #muhammad A complete translation & short explanation of the Holy Quran; the Book of our only Lord; ALLAH. Please subscribe to our channel And Press the bell Button. Also, like our videos and share them with family and friends..."
6c. Muslim Foreign policy. Maida 2,Standalone Keynotes,Islamic Political Systems,Jurisprudence & Policy,2024-03-17,Sunday,7,49,2,0,4.08,56:11,https://i.ytimg.com/vi/0exaIdIgy-c/maxresdefault.jpg,https://youtube.com/watch?v=0exaIdIgy-c,0exaIdIgy-c,"#quran #ramazan #tarjuma #tarjumaequran #muhammad A complete translation & short explanation of the Holy Quran; the Book of our only Lord; ALLAH. Please subscribe to our channel And Press the bell Button. Also, like our videos and share them with family and friends..."
92- Sura Al-Fatah R1-3/A1-27 | Dora Tarjuma Quran,Standalone Keynotes,Socio-Spiritual Ethics & Family,Social & Family Ethics,2024-03-12,Tuesday,5,49,4,0,8.16,41:46,https://i.ytimg.com/vi/XAw07Tt-0dE/maxresdefault.jpg,https://youtube.com/watch?v=XAw07Tt-0dE,XAw07Tt-0dE,"#quran #ramazan #tarjuma #tarjumaequran #muhammad A complete translation & short explanation of the Holy Quran; the Book of our only Lord; ALLAH. Please subscribe to our channel And Press the bell Button. Also, like our videos and share them with family and friends... Please subscribe to our channel And Press the bell Button. Also, like our videos and share them with family and friends..."
23- Anaam R14-18/A111-149 | Dora Tarjuma Quran,Standalone Keynotes,Socio-Spiritual Ethics & Family,Social & Family Ethics,2023-09-07,Thursday,16,49,5,0,10.2,29:29,https://i.ytimg.com/vi/Pw48MKb59jk/maxresdefault.jpg,https://youtube.com/watch?v=Pw48MKb59jk,Pw48MKb59jk,"#quran #ramazan #tarjuma #tarjumaequran #muhammad A complete translation & short explanation of the Holy Quran; the Book of our only Lord; ALLAH. Please subscribe to our channel And Press the bell Button. Also, like our videos and share them with family and friends..."
Blood Donation & Hepatitis. Think Timely,Standalone Keynotes,Socio-Spiritual Ethics & Family,Social & Family Ethics,2025-08-29,Friday,5,48,9,0,18.75,07:41,https://i.ytimg.com/vi/z_WO90bFWQI/maxresdefault.jpg,https://youtube.com/watch?v=z_WO90bFWQI,z_WO90bFWQI,"#quran #ramazan #tarjuma #tarjumaequran #muhammad A complete translation & short explanation of the Holy Quran; the Book of our only Lord; ALLAH. Please subscribe to our channel And Press the bell Button. Also, like our videos and share them with family and friends..."
Ashaab e kahaf Aur Oorya Maqbool Jan,Standalone Keynotes,Socio-Spiritual Ethics & Family,Social & Family Ethics,2024-10-17,Thursday,12,48,2,0,4.17,19:05,https://i.ytimg.com/vi/ENtdn-eJtbs/maxresdefault.jpg,https://youtube.com/watch?v=ENtdn-eJtbs,ENtdn-eJtbs,"11-10-2024 Khutba e Jumma #muhammad #quran #ashabekahaf #currentaffairs #oryamaqbooljan #arshadsharif #jumma #khutbahjumat Please subscribe to our channel And Press the bell Button. Also, like our videos and share them with family and friends..."
28c. The End is the real beginning. Qadr to Naas.,Standalone Keynotes,Socio-Spiritual Ethics & Family,Social & Family Ethics,2024-04-08,Monday,7,48,4,0,8.33,46:20,https://i.ytimg.com/vi/RXC_5AHvg-s/maxresdefault.jpg,https://youtube.com/watch?v=RXC_5AHvg-s,RXC_5AHvg-s,"#quran #ramazan #tarjuma #tarjumaequran #muhammad A complete translation & short explanation of the Holy Quran; the Book of our only Lord; ALLAH. Please subscribe to our channel And Press the bell Button. Also, like our videos and share them with family and friends..."
57- Hajj R10/A73-78 | Dora Tarjuma Quran,Standalone Keynotes,Socio-Spiritual Ethics & Family,Social & Family Ethics,2024-01-27,Saturday,2,48,8,0,16.67,17:20,https://i.ytimg.com/vi/x6ckjeTNo6g/maxresdefault.jpg,https://youtube.com/watch?v=x6ckjeTNo6g,x6ckjeTNo6g,"#quran #ramazan #tarjuma #tarjumaequran #muhammad A complete translation & short explanation of the Holy Quran; the Book of our only Lord; ALLAH. Please subscribe to our channel And Press the bell Button. Also, like our videos and share them with family and friends... Please subscribe to our channel And Press the bell Button. Also, like our videos and share them with family and friends..."
26- Araaf R5-11/A40-93 | Dora Tarjuma Quran,Standalone Keynotes,Socio-Spiritual Ethics & Family,Social & Family Ethics,2023-09-21,Thursday,19,48,6,0,12.5,38:17,https://i.ytimg.com/vi/cmsIoiSO5O0/maxresdefault.jpg,https://youtube.com/watch?v=cmsIoiSO5O0,cmsIoiSO5O0,"#quran #ramazan #tarjuma #tarjumaequran #muhammad A complete translation & short explanation of the Holy Quran; the Book of our only Lord; ALLAH. Please subscribe to our channel And Press the bell Button. Also, like our videos and share them with family and friends... Please subscribe to our channel And Press the bell Button. Also, like our videos and share them with family and friends..."
Jumma ki rohani w siasi ahmiat | جمعہ کی روحانی و سیاسی اہمیت,Standalone Keynotes,Socio-Spiritual Ethics & Family,Social & Family Ethics,2023-08-12,Saturday,16,48,8,1,18.75,26:05,https://i.ytimg.com/vi/J27t4vrMWCk/maxresdefault.jpg,https://youtube.com/watch?v=J27t4vrMWCk,J27t4vrMWCk,"Khitab e Jumma 11-08-23 #jumma #quran #ramazan #tarjuma #tarjumaequran #muhammad A complete translation & short explanation of the Holy Quran; the Book of our only Lord; ALLAH. Please subscribe to our channel And Press the bell Button. Also, like our videos and share them with family and friends..."
Quranic Economic principles -1 | وراثت، ملاوٹ، ناپ تول میں کمی | Special Lecture 16,General Discourse,Constitutional Law & Statecraft,Amendments & Legal History,2023-02-23,Thursday,4,48,6,0,12.5,29:56,https://i.ytimg.com/vi/_-fJhM4szas/maxresdefault.jpg,https://youtube.com/watch?v=_-fJhM4szas,_-fJhM4szas,"Quranic Economic principles -1. Special lecture # 16. #inheritence #milawat #Naap tol mai kami | #وراثة #ملاوٹ Please subscribe to our channel And Press the bell Button. Also, like our videos and share them with family and friends..."
64. Sora Qadr to Naas | Ramzan 26,Standalone Keynotes,Socio-Spiritual Ethics & Family,Social & Family Ethics,2026-03-19,Thursday,7,47,2,0,4.26,01:12:06,https://i.ytimg.com/vi/BvOdxbc5Fdk/maxresdefault.jpg,https://youtube.com/watch?v=BvOdxbc5Fdk,BvOdxbc5Fdk,"#quran #ramazan #tarjuma #tarjumaequran #muhammad A complete translation & short explanation of the Holy Quran; the Book of our only Lord; ALLAH. Please subscribe to our channel And Press the bell Button. Also, like our videos and share them with family and friends..."
Join us this Ramazan #quran #tarjumaequran https://maps.app.goo.gl/FDSR4wpXbUg9eKoaA?g_st=aw,Standalone Keynotes,General Public Address,Unassigned Overview Topics,2026-02-14,Saturday,4,47,2,0,4.26,00:28,https://i.ytimg.com/vi/Lh69NvjVKsI/maxresdefault.jpg,https://youtube.com/watch?v=Lh69NvjVKsI,Lh69NvjVKsI,
سیرت النبی صلی اللّٰہ علیہ وسلم۔ قیامِ حج کے سفر کی داستان,Standalone Keynotes,Civilizational History & Seerah,General Discussion,2025-05-31,Saturday,6,47,4,0,8.51,01:25:00,https://i.ytimg.com/vi/LNe-ibP-YVw/maxresdefault.jpg,https://youtube.com/watch?v=LNe-ibP-YVw,LNe-ibP-YVw,"#quran #ramazan #tarjuma #tarjumaequran #muhammad A complete translation & short explanation of the Holy Quran; the Book of our only Lord; ALLAH. Please subscribe to our channel And Press the bell Button. Also, like our videos and share them with family and friends..."
52. Sorat Hashar to Mumtahina 6 # Dora Quran 2025,Standalone Keynotes,Socio-Spiritual Ethics & Family,Social & Family Ethics,2025-03-26,Wednesday,18,47,7,0,14.89,01:23:42,https://i.ytimg.com/vi/CUpv5tTCJHA/maxresdefault.jpg,https://youtube.com/watch?v=CUpv5tTCJHA,CUpv5tTCJHA,"#quran #ramazan #tarjuma #tarjumaequran #muhammad A complete translation & short explanation of the Holy Quran; the Book of our only Lord; ALLAH. Please subscribe to our channel And Press the bell Button. Also, like our videos and share them with family and friends..."
93- Surah Al-Fatah R4/A28-29 | Dora Tarjuma Quran,Standalone Keynotes,Socio-Spiritual Ethics & Family,Social & Family Ethics,2024-03-14,Thursday,5,47,3,0,6.38,50:08,https://i.ytimg.com/vi/lFMut8mDaW8/maxresdefault.jpg,https://youtube.com/watch?v=lFMut8mDaW8,lFMut8mDaW8,"#quran #ramazan #tarjuma #tarjumaequran #muhammad A complete translation & short explanation of the Holy Quran; the Book of our only Lord; ALLAH. Please subscribe to our channel And Press the bell Button. Also, like our videos and share them with family and friends... Please subscribe to our channel And Press the bell Button. Also, like our videos and share them with family and friends..."
13- Nisaa R1-5/A1-33 | Dora Tarjuma Quran 2023,Standalone Keynotes,Socio-Spiritual Ethics & Family,Social & Family Ethics,2023-06-29,Thursday,13,47,5,0,10.64,59:35,https://i.ytimg.com/vi/YLlRV1UvgbM/maxresdefault.jpg,https://youtube.com/watch?v=YLlRV1UvgbM,YLlRV1UvgbM,"#quran #ramazan #tarjuma #tarjumaequran #muhammad A complete translation & short explanation of the Holy Quran; the Book of our only Lord; ALLAH. Please subscribe to our channel And Press the bell Button. Also, like our videos and share them with family and friends... Please subscribe to our channel And Press the bell Button. Also, like our videos and share them with family and friends..."
38. Sora Furqan | Ramzan 26,Standalone Keynotes,Socio-Spiritual Ethics & Family,Social & Family Ethics,2026-03-08,Sunday,6,46,2,0,4.35,01:01:10,https://i.ytimg.com/vi/znZ2wG7cgcU/maxresdefault.jpg,https://youtube.com/watch?v=znZ2wG7cgcU,znZ2wG7cgcU,"#quran #ramazan #tarjuma #tarjumaequran #muhammad A complete translation & short explanation of the Holy Quran; the Book of our only Lord; ALLAH. Please subscribe to our channel And Press the bell Button. Also, like our videos and share them with family and friends..."
افسوسناک,General Discourse,General Public Address,Unassigned Overview Topics,2026-02-23,Monday,5,46,3,1,8.7,00:35,https://i.ytimg.com/vi/sR58UEjacKw/maxresdefault.jpg,https://youtube.com/watch?v=sR58UEjacKw,sR58UEjacKw,
15. Anaam 141-165 # Dora Quran 2025,Standalone Keynotes,Socio-Spiritual Ethics & Family,Social & Family Ethics,2025-03-09,Sunday,14,46,6,0,13.04,41:34,https://i.ytimg.com/vi/b9JD9375oIk/maxresdefault.jpg,https://youtube.com/watch?v=b9JD9375oIk,b9JD9375oIk,"#quran #ramazan #tarjuma #tarjumaequran #muhammad A complete translation & short explanation of the Holy Quran; the Book of our only Lord; ALLAH. Please subscribe to our channel And Press the bell Button. Also, like our videos and share them with family and friends..."
10. Quranic Arabic Class | Revision of Noun,Standalone Keynotes,Socio-Spiritual Ethics & Family,Social & Family Ethics,2025-02-11,Tuesday,7,46,1,0,2.17,01:09:31,https://i.ytimg.com/vi/bLelVeOuqRU/maxresdefault.jpg,https://youtube.com/watch?v=bLelVeOuqRU,bLelVeOuqRU,"#quran #ramazan #tarjuma #tarjumaequran #muhammad A complete translation & short explanation of the Holy Quran; the Book of our only Lord; ALLAH. Please subscribe to our channel And Press the bell Button. Also, like our videos and share them with family and friends..."
"89- Sura Al-A""hqaaf R1&2 A1-20 | Dora Tarjuma Quran",Standalone Keynotes,Socio-Spiritual Ethics & Family,Social & Family Ethics,2024-03-09,Saturday,18,46,4,0,8.7,44:14,https://i.ytimg.com/vi/OQ_th3qWeuk/maxresdefault.jpg,https://youtube.com/watch?v=OQ_th3qWeuk,OQ_th3qWeuk,"#quran #ramazan #tarjuma #tarjumaequran #muhammad A complete translation & short explanation of the Holy Quran; the Book of our only Lord; ALLAH. Please subscribe to our channel And Press the bell Button. Also, like our videos and share them with family and friends... Please subscribe to our channel And Press the bell Button. Also, like our videos and share them with family and friends..."
First 40 years of Prohet's Holy Life,Standalone Keynotes,Socio-Spiritual Ethics & Family,Social & Family Ethics,2025-02-02,Sunday,4,45,4,1,11.11,01:06:51,https://i.ytimg.com/vi/4x1rb6Oke64/maxresdefault.jpg,https://youtube.com/watch?v=4x1rb6Oke64,4x1rb6Oke64,"#quran #ramazan #tarjuma #tarjumaequran #muhammad #hazratkhadija #zaid #hajreaswad #gharehira A complete translation & short explanation of the Holy Quran; the Book of our only Lord; ALLAH. Please subscribe to our channel And Press the bell Button. Also, like our videos and share them with family and friends..."
60- Noor R3-4/A21-34 | Dora Tarjuma Quran,Standalone Keynotes,Socio-Spiritual Ethics & Family,Social & Family Ethics,2024-01-31,Wednesday,2,45,4,0,8.89,42:27,https://i.ytimg.com/vi/lfnjZH4MTNk/maxresdefault.jpg,https://youtube.com/watch?v=lfnjZH4MTNk,lfnjZH4MTNk,"#quran #ramazan #tarjuma #tarjumaequran #muhammad A complete translation & short explanation of the Holy Quran; the Book of our only Lord; ALLAH. Please subscribe to our channel And Press the bell Button. Also, like our videos and share them with family and friends... Please subscribe to our channel And Press the bell Button. Also, like our videos and share them with family and friends..."
44- Hijr R1-6/A1-99 | Dora Tarjuma Quran,Standalone Keynotes,Socio-Spiritual Ethics & Family,Social & Family Ethics,2023-11-27,Monday,14,45,4,0,8.89,45:01,https://i.ytimg.com/vi/HPY6rIDGpsQ/maxresdefault.jpg,https://youtube.com/watch?v=HPY6rIDGpsQ,HPY6rIDGpsQ,"#quran #ramazan #tarjuma #tarjumaequran #muhammad A complete translation & short explanation of the Holy Quran; the Book of our only Lord; ALLAH. Please subscribe to our channel And Press the bell Button. Also, like our videos and share them with family and friends... Please subscribe to our channel And Press the bell Button. Also, like our videos and share them with family and friends..."
جزاہ اللہ خیرا,General Discourse,General Public Address,Unassigned Overview Topics,2023-11-07,Tuesday,14,45,10,0,22.22,01:01,https://i.ytimg.com/vi/dfH7vzle5sc/maxresdefault.jpg,https://youtube.com/watch?v=dfH7vzle5sc,dfH7vzle5sc,
Call to REPENT | Toba ki pukar |توبہ کی پکار | Khutba e Jumma,General Discourse,Socio-Spiritual Ethics & Family,Social & Family Ethics,2022-12-15,Thursday,14,45,6,0,13.33,32:14,https://i.ytimg.com/vi/SRn_Sh5WQcQ/maxresdefault.jpg,https://youtube.com/watch?v=SRn_Sh5WQcQ,SRn_Sh5WQcQ,"Khutba e Jumma 09-12-22 | سورۃ الاعراف رکوع 4 Call to REPENT in light of story of Adam & Eve | Toba ki pukar قصہ آدم و ابلیس کی روشنی میں توبہ کی پکار #repent #toba #توبہ What is real toba in the light of Qissa Adam o iblees Please subscribe to our channel And Press Bell Button. So, You can received our latest videos... Also like our videos and share with family and friends... If you have any questions or suggestions please let us know through your valuable comments... Thanks for watching this video..."
درویش کی علامت,General Discourse,General Public Address,Unassigned Overview Topics,2026-02-23,Monday,5,44,2,0,4.55,00:47,https://i.ytimg.com/vi/4ijtcgqrHuI/sddefault.jpg,https://youtube.com/watch?v=4ijtcgqrHuI,4ijtcgqrHuI,
57* Sorat Naba & Naziaat # Dora Quran 2024,Standalone Keynotes,Socio-Spiritual Ethics & Family,Social & Family Ethics,2025-04-03,Thursday,6,44,6,0,13.64,22:41,https://i.ytimg.com/vi/BaXr_1Ut-K8/maxresdefault.jpg,https://youtube.com/watch?v=BaXr_1Ut-K8,BaXr_1Ut-K8,"#quran #ramazan #tarjuma #tarjumaequran #muhammad A complete translation & short explanation of the Holy Quran; the Book of our only Lord; ALLAH. Please subscribe to our channel And Press the bell Button. Also, like our videos and share them with family and friends..."
F2. Quranic Arabic Class | Revision of Verb,Standalone Keynotes,Socio-Spiritual Ethics & Family,Social & Family Ethics,2025-02-22,Saturday,21,44,2,0,4.55,58:26,https://i.ytimg.com/vi/oS4aRqXTLd4/maxresdefault.jpg,https://youtube.com/watch?v=oS4aRqXTLd4,oS4aRqXTLd4,"#quran #ramazan #tarjuma #tarjumaequran #muhammad A complete translation & short explanation of the Holy Quran; the Book of our only Lord; ALLAH. Please subscribe to our channel And Press the bell Button. Also, like our videos and share them with family and friends..."
24a. Cave of Hira to Battle of Badar. Sorat Ahqaf & Qital,Standalone Keynotes,Civilizational History & Seerah,General Discussion,2024-04-04,Thursday,5,44,3,0,6.82,01:52:31,https://i.ytimg.com/vi/D7olACBRfh4/maxresdefault.jpg,https://youtube.com/watch?v=D7olACBRfh4,D7olACBRfh4,"#quran #ramazan #tarjuma #tarjumaequran #muhammad A complete translation & short explanation of the Holy Quran; the Book of our only Lord; ALLAH. Please subscribe to our channel And Press the bell Button. Also, like our videos and share them with family and friends..."
8c. Nooh A.S to Mosa A.S. Araaf 2,Standalone Keynotes,Socio-Spiritual Ethics & Family,Social & Family Ethics,2024-03-19,Tuesday,7,44,4,0,9.09,01:10:26,https://i.ytimg.com/vi/8LMjmkIuI5A/maxresdefault.jpg,https://youtube.com/watch?v=8LMjmkIuI5A,8LMjmkIuI5A,"#quran #ramazan #tarjuma #tarjumaequran #muhammad A complete translation & short explanation of the Holy Quran; the Book of our only Lord; ALLAH. Please subscribe to our channel And Press the bell Button. Also, like our videos and share them with family and friends..."
55- Anbiaa complete | Dora Tarjuma Quran,Standalone Keynotes,Socio-Spiritual Ethics & Family,Social & Family Ethics,2024-01-24,Wednesday,3,44,5,0,11.36,58:15,https://i.ytimg.com/vi/WktTrwKPQUg/maxresdefault.jpg,https://youtube.com/watch?v=WktTrwKPQUg,WktTrwKPQUg,"#quran #ramazan #tarjuma #tarjumaequran #muhammad A complete translation & short explanation of the Holy Quran; the Book of our only Lord; ALLAH. Please subscribe to our channel And Press the bell Button. Also, like our videos and share them with family and friends... Please subscribe to our channel And Press the bell Button. Also, like our videos and share them with family and friends..."
32- Toba R1-4/A1-33 | Dora Tarjuma Quran,Standalone Keynotes,Socio-Spiritual Ethics & Family,Social & Family Ethics,2023-10-19,Thursday,5,44,3,1,9.09,31:40,https://i.ytimg.com/vi/rw5KxCyRGOQ/maxresdefault.jpg,https://youtube.com/watch?v=rw5KxCyRGOQ,rw5KxCyRGOQ,"#quran #ramazan #tarjuma #tarjumaequran #muhammad A complete translation & short explanation of the Holy Quran; the Book of our only Lord; ALLAH. Please subscribe to our channel And Press the bell Button. Also, like our videos and share them with family and friends... Please subscribe to our channel And Press the bell Button. Also, like our videos and share them with family and friends..."
27- Araaf R12-21/A94-171 | Dora Tarjuma Quran,Standalone Keynotes,Socio-Spiritual Ethics & Family,Social & Family Ethics,2023-09-24,Sunday,1,44,5,1,13.64,01:02:52,https://i.ytimg.com/vi/1Xr95nNPpRI/maxresdefault.jpg,https://youtube.com/watch?v=1Xr95nNPpRI,1Xr95nNPpRI,"#quran #ramazan #tarjuma #tarjumaequran #muhammad A complete translation & short explanation of the Holy Quran; the Book of our only Lord; ALLAH. Please subscribe to our channel And Press the bell Button. Also, like our videos and share them with family and friends... Please subscribe to our channel And Press the bell Button. Also, like our videos and share them with family and friends..."
20. Toba 1-29 # Dora Quran 2025,Standalone Keynotes,Socio-Spiritual Ethics & Family,Social & Family Ethics,2025-03-11,Tuesday,5,43,10,5,34.88,01:04:00,https://i.ytimg.com/vi/EJFd_ff051g/maxresdefault.jpg,https://youtube.com/watch?v=EJFd_ff051g,EJFd_ff051g,"#quran #ramazan #tarjuma #tarjumaequran #muhammad A complete translation & short explanation of the Holy Quran; the Book of our only Lord; ALLAH. Please subscribe to our channel And Press the bell Button. Also, like our videos and share them with family and friends..."
Prophetic Childhood & Teenage,Standalone Keynotes,Civilizational History & Seerah,Prophetic Era (Seerah),2025-01-26,Sunday,4,43,3,1,9.3,01:02:33,https://i.ytimg.com/vi/SN9PVbOMRNQ/maxresdefault.jpg,https://youtube.com/watch?v=SN9PVbOMRNQ,SN9PVbOMRNQ,"#quran #ramazan #tarjuma #tarjumaequran #muhammad A complete translation & short explanation of the Holy Quran; the Book of our only Lord; ALLAH. Please subscribe to our channel And Press the bell Button. Also, like our videos and share them with family and friends..."
5a. Corruption & Inheritance. Nisaa 1,Standalone Keynotes,Socio-Spiritual Ethics & Family,Social & Family Ethics,2024-03-16,Saturday,5,43,1,0,2.33,01:02:11,https://i.ytimg.com/vi/NJXu6QhBSeQ/maxresdefault.jpg,https://youtube.com/watch?v=NJXu6QhBSeQ,NJXu6QhBSeQ,"#quran #ramazan #tarjuma #tarjumaequran #muhammad A complete translation & short explanation of the Holy Quran; the Book of our only Lord; ALLAH. Please subscribe to our channel And Press the bell Button. Also, like our videos and share them with family and friends... Please subscribe to our channel And Press the bell Button. Also, like our videos and share them with family and friends..."
82- Sura Al-Momin R6-9/A51-85 | Dora Tarjuma Quran,Standalone Keynotes,Socio-Spiritual Ethics & Family,Social & Family Ethics,2024-03-02,Saturday,10,43,3,0,6.98,29:26,https://i.ytimg.com/vi/2DB_8M1LPd0/maxresdefault.jpg,https://youtube.com/watch?v=2DB_8M1LPd0,2DB_8M1LPd0,"#quran #ramazan #tarjuma #tarjumaequran #muhammad A complete translation & short explanation of the Holy Quran; the Book of our only Lord; ALLAH. Please subscribe to our channel And Press the bell Button. Also, like our videos and share them with family and friends... Please subscribe to our channel And Press the bell Button. Also, like our videos and share them with family and friends..."
أمرهم شورى بينهم,General Discourse,General Public Address,Unassigned Overview Topics,2024-02-07,Wednesday,17,43,9,0,20.93,01:01,https://i.ytimg.com/vi/rImN4wY7DCY/maxresdefault.jpg,https://youtube.com/watch?v=rImN4wY7DCY,rImN4wY7DCY,
14- Nisaa R6-8/A34-59 | Dora Tarjuma Quran,Standalone Keynotes,Socio-Spiritual Ethics & Family,Social & Family Ethics,2023-07-03,Monday,18,43,8,1,20.93,51:15,https://i.ytimg.com/vi/JS-T7zryWX0/maxresdefault.jpg,https://youtube.com/watch?v=JS-T7zryWX0,JS-T7zryWX0,"#quran #ramazan #tarjuma #tarjumaequran #muhammad A complete translation & short explanation of the Holy Quran; the Book of our only Lord; ALLAH. Please subscribe to our channel And Press the bell Button. Also, like our videos and share them with family and friends... Please subscribe to our channel And Press the bell Button. Also, like our videos and share them with family and friends..."
58. Sorat Abas to Shams # Dora Quran 2025,Standalone Keynotes,Socio-Spiritual Ethics & Family,Social & Family Ethics,2025-03-29,Saturday,6,42,3,0,7.14,01:23:25,https://i.ytimg.com/vi/zCtX75zh3Kw/maxresdefault.jpg,https://youtube.com/watch?v=zCtX75zh3Kw,zCtX75zh3Kw,"#quran #ramazan #tarjuma #tarjumaequran #muhammad A complete translation & short explanation of the Holy Quran; the Book of our only Lord; ALLAH. Please subscribe to our channel And Press the bell Button. Also, like our videos and share them with family and friends..."
29. Sorat Kahaf # Dora Quran 2025,Standalone Keynotes,Socio-Spiritual Ethics & Family,Social & Family Ethics,2025-03-15,Saturday,8,42,5,0,11.9,01:14:46,https://i.ytimg.com/vi/O-qQjCWgiGk/maxresdefault.jpg,https://youtube.com/watch?v=O-qQjCWgiGk,O-qQjCWgiGk,"#quran #ramazan #tarjuma #tarjumaequran #muhammad A complete translation & short explanation of the Holy Quran; the Book of our only Lord; ALLAH. Please subscribe to our channel And Press the bell Button. Also, like our videos and share them with family and friends..."
18. Aaraf 127-157 # Dora Quran 2025,Standalone Keynotes,Civilizational History & Seerah,Prophetic Era (Seerah),2025-03-09,Sunday,7,42,3,1,9.52,19:55,https://i.ytimg.com/vi/N9TChZa-CM0/maxresdefault.jpg,https://youtube.com/watch?v=N9TChZa-CM0,N9TChZa-CM0,"#quran #ramazan #tarjuma #tarjumaequran #muhammad A complete translation & short explanation of the Holy Quran; the Book of our only Lord; ALLAH. Please subscribe to our channel And Press the bell Button. Also, like our videos and share them with family and friends..."
عیسیٰؑ اور انکے بعد | Jesus A.S & after him,Standalone Keynotes,Socio-Spiritual Ethics & Family,Social & Family Ethics,2025-01-12,Sunday,4,42,7,0,16.67,01:05:41,https://i.ytimg.com/vi/YfeszWVOzdI/maxresdefault.jpg,https://youtube.com/watch?v=YfeszWVOzdI,YfeszWVOzdI,"#quran #ramazan #tarjuma #tarjumaequran #muhammad A complete translation & short explanation of the Holy Quran; the Book of our only Lord; ALLAH. Please subscribe to our channel And Press the bell Button. Also, like our videos and share them with family and friends..."
Online Quran course,Standalone Keynotes,Socio-Spiritual Ethics & Family,Social & Family Ethics,2024-06-20,Thursday,14,42,7,1,19.05,19:57,https://i.ytimg.com/vi/YdqDVwgKhLk/maxresdefault.jpg,https://youtube.com/watch?v=YdqDVwgKhLk,YdqDVwgKhLk,"#quran #ramazan #tarjuma #tarjumaequran #muhammad A complete translation & short explanation of the Holy Quran; the Book of our only Lord; ALLAH. Please subscribe to our channel And Press the bell Button. Also, like our videos and share them with family and friends..."
3a. Social guidance. Baqara,Standalone Keynotes,Socio-Spiritual Ethics & Family,Social & Family Ethics,2024-03-14,Thursday,9,42,6,0,14.29,01:04:46,https://i.ytimg.com/vi/HbAOXM8iE1s/maxresdefault.jpg,https://youtube.com/watch?v=HbAOXM8iE1s,HbAOXM8iE1s,"#quran #ramazan #tarjuma #tarjumaequran #muhammad A complete translation & short explanation of the Holy Quran; the Book of our only Lord; ALLAH. Please subscribe to our channel And Press the bell Button. Also, like our videos and share them with family and friends... Please subscribe to our channel And Press the bell Button. Also, like our videos and share them with family and friends..."
85- Sura Shuraa R4&5/A30-53 | Dora Tarjuma Quran,Standalone Keynotes,Socio-Spiritual Ethics & Family,Social & Family Ethics,2024-03-06,Wednesday,6,42,6,0,14.29,40:29,https://i.ytimg.com/vi/bzeq6njvQB8/maxresdefault.jpg,https://youtube.com/watch?v=bzeq6njvQB8,bzeq6njvQB8,"#quran #ramazan #tarjuma #tarjumaequran #muhammad A complete translation & short explanation of the Holy Quran; the Book of our only Lord; ALLAH. Please subscribe to our channel And Press the bell Button. Also, like our videos and share them with family and friends... Please subscribe to our channel And Press the bell Button. Also, like our videos and share them with family and friends..."
Roza Slavery to Allah only | روزہ کا پھل غلامی صرف اللہ کی | Khutba e Jumma | 17-03-23,General Discourse,Socio-Spiritual Ethics & Family,Social & Family Ethics,2023-03-20,Monday,1,42,5,2,16.67,29:13,https://i.ytimg.com/vi/DMmatjlY4Io/maxresdefault.jpg,https://youtube.com/watch?v=DMmatjlY4Io,DMmatjlY4Io,"ٖ#روزہ #غلامی #الله #ریاست #quran #muhammad #ramazan Please subscribe to our channel And Press the bell Button. Also, like our videos and share them with family and friends..."
"Ramazan, Quran, Pakistan | رمضان، قرآن، اہلِ پاکستان | Dars e Quran",General Discourse,Socio-Spiritual Ethics & Family,Social & Family Ethics,2023-03-09,Thursday,16,42,8,0,19.05,53:02,https://i.ytimg.com/vi/UOeR-Xdf1yA/maxresdefault.jpg,https://youtube.com/watch?v=UOeR-Xdf1yA,UOeR-Xdf1yA,"Dars e Quran # 3 #ramazan #quran #pakistan #darsequran #muhammad Please subscribe to our channel And Press the bell Button. Also, like our videos and share them with family and friends..."
What Muhammad Ali Boxer got from Islam?,Standalone Keynotes,Socio-Spiritual Ethics & Family,Social & Family Ethics,2025-08-21,Thursday,5,41,10,0,24.39,08:53,https://i.ytimg.com/vi/cqdxhoCzmKw/maxresdefault.jpg,https://youtube.com/watch?v=cqdxhoCzmKw,cqdxhoCzmKw,"#quran #ramazan #tarjuma #tarjumaequran #muhammad A complete translation & short explanation of the Holy Quran; the Book of our only Lord; ALLAH. Please subscribe to our channel And Press the bell Button. Also, like our videos and share them with family and friends..."
12☆. Remaining part of Maida (12-26) # Dora Quran 2025,Standalone Keynotes,Constitutional Law & Statecraft,Constitutional Articles Breakdown,2025-03-07,Friday,17,41,4,0,9.76,17:15,https://i.ytimg.com/vi/7F9fa45EhjM/maxresdefault.jpg,https://youtube.com/watch?v=7F9fa45EhjM,7F9fa45EhjM,"#quran #ramazan #tarjuma #tarjumaequran #muhammad A complete translation & short explanation of the Holy Quran; the Book of our only Lord; ALLAH. Please subscribe to our channel And Press the bell Button. Also, like our videos and share them with family and friends..."
F1. Quranic Arabic Class | Final Revision of Noun,Standalone Keynotes,Socio-Spiritual Ethics & Family,Social & Family Ethics,2025-02-21,Friday,4,41,3,0,7.32,58:01,https://i.ytimg.com/vi/NyewGb8u-Bc/maxresdefault.jpg,https://youtube.com/watch?v=NyewGb8u-Bc,NyewGb8u-Bc,"#quran #ramazan #tarjuma #tarjumaequran #muhammad A complete translation & short explanation of the Holy Quran; the Book of our only Lord; ALLAH. Please subscribe to our channel And Press the bell Button. Also, like our videos and share them with family and friends..."
What to do? What will Allah do? ہم کیا کریں؟ پھر اللہ کیا کرے گا؟,General Discourse,General Public Address,Unassigned Overview Topics,2025-01-05,Sunday,17,41,9,1,24.39,20:20,https://i.ytimg.com/vi/bk_VFeWCnho/maxresdefault.jpg,https://youtube.com/watch?v=bk_VFeWCnho,bk_VFeWCnho,
23a. Establish Deen collectively. Shoora 1,Standalone Keynotes,Socio-Spiritual Ethics & Family,Social & Family Ethics,2024-04-03,Wednesday,5,41,4,1,12.2,01:17:35,https://i.ytimg.com/vi/zjMKvxr_Sfg/maxresdefault.jpg,https://youtube.com/watch?v=zjMKvxr_Sfg,zjMKvxr_Sfg,"#quran #ramazan #tarjuma #tarjumaequran #muhammad A complete translation & short explanation of the Holy Quran; the Book of our only Lord; ALLAH. Please subscribe to our channel And Press the bell Button. Also, like our videos and share them with family and friends..."
حوصلہ افزائی | Encouragement ,General Discourse,General Public Address,Unassigned Overview Topics,2025-12-12,Friday,12,40,7,0,17.5,10:44,https://i.ytimg.com/vi/DWSPnQ7haco/maxresdefault.jpg,https://youtube.com/watch?v=DWSPnQ7haco,DWSPnQ7haco,#24news #morningshow #muhammad #holyquran #quran
56. Sorat Jinn to Mursalat # Dora Quran 2025,Standalone Keynotes,Socio-Spiritual Ethics & Family,Social & Family Ethics,2025-03-27,Thursday,20,40,6,0,15.0,57:34,https://i.ytimg.com/vi/R4GU_RSehWM/maxresdefault.jpg,https://youtube.com/watch?v=R4GU_RSehWM,R4GU_RSehWM,"#quran #ramazan #tarjuma #tarjumaequran #muhammad A complete translation & short explanation of the Holy Quran; the Book of our only Lord; ALLAH. Please subscribe to our channel And Press the bell Button. Also, like our videos and share them with family and friends..."
31. Sorat Taha 1-24 # Dora Quran 2025,Standalone Keynotes,Socio-Spiritual Ethics & Family,Social & Family Ethics,2025-03-16,Sunday,5,40,4,0,10.0,30:31,https://i.ytimg.com/vi/Cb5oYOxgA4U/maxresdefault.jpg,https://youtube.com/watch?v=Cb5oYOxgA4U,Cb5oYOxgA4U,"#quran #ramazan #tarjuma #tarjumaequran #muhammad A complete translation & short explanation of the Holy Quran; the Book of our only Lord; ALLAH. Please subscribe to our channel And Press the bell Button. Also, like our videos and share them with family and friends..."
98- Sura Al-Rahman & Al-Waqia | Dora Tarjuma Quran,Standalone Keynotes,Socio-Spiritual Ethics & Family,Social & Family Ethics,2024-04-02,Tuesday,23,40,1,0,2.5,29:38,https://i.ytimg.com/vi/rVskQjy9m_g/maxresdefault.jpg,https://youtube.com/watch?v=rVskQjy9m_g,rVskQjy9m_g,"#quran #ramazan #tarjuma #tarjumaequran #muhammad A complete translation & short explanation of the Holy Quran; the Book of our only Lord; ALLAH. Please subscribe to our channel And Press the bell Button. Also, like our videos and share them with family and friends... Please subscribe to our channel And Press the bell Button. Also, like our videos and share them with family and friends..."
77- Yaseen | Dora Tarjuma Quran,Standalone Keynotes,Socio-Spiritual Ethics & Family,Social & Family Ethics,2024-02-24,Saturday,1,40,3,0,7.5,01:04:19,https://i.ytimg.com/vi/l19NQa4H2lw/maxresdefault.jpg,https://youtube.com/watch?v=l19NQa4H2lw,l19NQa4H2lw,"#quran #ramazan #tarjuma #tarjumaequran #muhammad A complete translation & short explanation of the Holy Quran; the Book of our only Lord; ALLAH. Please subscribe to our channel And Press the bell Button. Also, like our videos and share them with family and friends... Please subscribe to our channel And Press the bell Button. Also, like our videos and share them with family and friends..."
Masjid and Heart | مسجد اور دل | Khutba e jumma,Standalone Keynotes,Socio-Spiritual Ethics & Family,Social & Family Ethics,2023-08-05,Saturday,5,40,3,0,7.5,24:33,https://i.ytimg.com/vi/n8Pz0vZYbCQ/maxresdefault.jpg,https://youtube.com/watch?v=n8Pz0vZYbCQ,n8Pz0vZYbCQ,"04-08-2023 #msajid #heart #بیت اللہ #مسجد #دل #quran #ramazan #tarjuma #tarjumaequran #muhammad A complete translation & short explanation of the Holy Quran; the Book of our only Lord; ALLAH. Please subscribe to our channel And Press the bell Button. Also, like our videos and share them with family and friends..."
Ibrahim A.S | ابراہیم خلیل اللہ علیہ السلام | Khutba e Jumma,General Discourse,Socio-Spiritual Ethics & Family,Social & Family Ethics,2023-06-18,Sunday,7,40,5,0,12.5,31:57,https://i.ytimg.com/vi/ekFSzASBcfc/maxresdefault.jpg,https://youtube.com/watch?v=ekFSzASBcfc,ekFSzASBcfc,"Khutba e Jumma 16-06-23 #quran #ibrahim #eiduladha2023 #muhammad #qurbanicollection Please subscribe to our channel And Press the bell Button. Also, like our videos and share them with family and friends..."
50. Sorat Qamar to sorat Waqia ayat 40 # Dora Quran 2025,Standalone Keynotes,Socio-Spiritual Ethics & Family,Social & Family Ethics,2025-03-25,Tuesday,18,39,9,0,23.08,01:17:55,https://i.ytimg.com/vi/0M8z1wZnVlY/maxresdefault.jpg,https://youtube.com/watch?v=0M8z1wZnVlY,0M8z1wZnVlY,"#quran #ramazan #tarjuma #tarjumaequran #muhammad A complete translation & short explanation of the Holy Quran; the Book of our only Lord; ALLAH. Please subscribe to our channel And Press the bell Button. Also, like our videos and share them with family and friends..."
8. Quranic Arabic Class | Past tense & Sentence,Standalone Keynotes,Socio-Spiritual Ethics & Family,Social & Family Ethics,2025-02-07,Friday,4,39,4,0,10.26,01:10:46,https://i.ytimg.com/vi/YS6rikOohBQ/maxresdefault.jpg,https://youtube.com/watch?v=YS6rikOohBQ,YS6rikOohBQ,"#quran #ramazan #tarjuma #tarjumaequran #muhammad A complete translation & short explanation of the Holy Quran; the Book of our only Lord; ALLAH. Please subscribe to our channel And Press the bell Button. Also, like our videos and share them with family and friends..."
18c. Qasas. Biography of Mosa A.S,Standalone Keynotes,Socio-Spiritual Ethics & Family,Social & Family Ethics,2024-03-29,Friday,7,39,3,0,7.69,45:51,https://i.ytimg.com/vi/Ef3K0sS--Gk/maxresdefault.jpg,https://youtube.com/watch?v=Ef3K0sS--Gk,Ef3K0sS--Gk,"#quran #ramazan #tarjuma #tarjumaequran #muhammad A complete translation & short explanation of the Holy Quran; the Book of our only Lord; ALLAH. Please subscribe to our channel And Press the bell Button. Also, like our videos and share them with family and friends..."
49- Kahaf R1-3/A1-36 | Dora Tarjuma Quran,Standalone Keynotes,Socio-Spiritual Ethics & Family,Social & Family Ethics,2023-12-13,Wednesday,3,39,5,0,12.82,22:20,https://i.ytimg.com/vi/SInkxwkylSA/maxresdefault.jpg,https://youtube.com/watch?v=SInkxwkylSA,SInkxwkylSA,"#quran #ramazan #tarjuma #tarjumaequran #muhammad A complete translation & short explanation of the Holy Quran; the Book of our only Lord; ALLAH. Please subscribe to our channel And Press the bell Button. Also, like our videos and share them with family and friends... Please subscribe to our channel And Press the bell Button. Also, like our videos and share them with family and friends..."
Salute to the truth,General Discourse,Civilizational History & Seerah,General Discussion,2024-04-29,Monday,1,38,5,0,13.16,01:23,https://i.ytimg.com/vi/5AaqaxqSKZM/sddefault.jpg,https://youtube.com/watch?v=5AaqaxqSKZM,5AaqaxqSKZM,#election2024 #jamat_e_islami #pti #rigging #history
"Never try to stand ""against"" public rights movement.",General Discourse,Constitutional Law & Statecraft,Amendments & Legal History,2024-04-07,Sunday,7,38,3,0,7.89,00:39,https://i.ytimg.com/vi/2jb6hhezRSU/sddefault.jpg,https://youtube.com/watch?v=2jb6hhezRSU,2jb6hhezRSU,#drisrarahmed #pakistan #history #quran #muhammad #publicopinion
21c. Saffat & Saad. Stories of Prophets.,Standalone Keynotes,Civilizational History & Seerah,Prophetic Era (Seerah),2024-04-01,Monday,7,38,3,0,7.89,01:06:11,https://i.ytimg.com/vi/ZLtQ8STbl1c/maxresdefault.jpg,https://youtube.com/watch?v=ZLtQ8STbl1c,ZLtQ8STbl1c,"#quran #ramazan #tarjuma #tarjumaequran #muhammad A complete translation & short explanation of the Holy Quran; the Book of our only Lord; ALLAH. Please subscribe to our channel And Press the bell Button. Also, like our videos and share them with family and friends..."
14b. The Cave People. Kahaf 1,Standalone Keynotes,Socio-Spiritual Ethics & Family,Social & Family Ethics,2024-03-25,Monday,6,38,6,0,15.79,58:21,https://i.ytimg.com/vi/2x5HyJ7qaxQ/maxresdefault.jpg,https://youtube.com/watch?v=2x5HyJ7qaxQ,2x5HyJ7qaxQ,"#quran #ramazan #tarjuma #tarjumaequran #muhammad A complete translation & short explanation of the Holy Quran; the Book of our only Lord; ALLAH. Please subscribe to our channel And Press the bell Button. Also, like our videos and share them with family and friends..."
Quran addresses the Intellectuals | أفلا يعقلون,Standalone Keynotes,Socio-Spiritual Ethics & Family,Social & Family Ethics,2023-12-15,Friday,15,38,3,0,7.89,23:49,https://i.ytimg.com/vi/sAomEdiulMw/sddefault.jpg,https://youtube.com/watch?v=sAomEdiulMw,sAomEdiulMw,"#quran #ramazan #tarjuma #tarjumaequran #muhammad A complete translation & short explanation of the Holy Quran; the Book of our only Lord; ALLAH. Please subscribe to our channel And Press the bell Button. Also, like our videos and share them with family and friends... Please subscribe to our channel And Press the bell Button. Also, like our videos and share them with family and friends..."
Quranic Economic principles -5 | مانگنے والا ہاتھ vs دینے والا ہاتھ,General Discourse,Socio-Spiritual Ethics & Family,Social & Family Ethics,2023-04-06,Thursday,8,38,3,0,7.89,14:29,https://i.ytimg.com/vi/DQ5R5ErbhAM/maxresdefault.jpg,https://youtube.com/watch?v=DQ5R5ErbhAM,DQ5R5ErbhAM,"ہاتھ نہ پھیلاؤ۔ خالی ہاتھ نہ لوٹاؤ قرآن کی معاشی تعلیمات -5 | Special lecture series # 5 Please subscribe to our channel And Press the bell Button. Also, like our videos and share them with family and friends..."
Donate blood & Save Life,General Discourse,General Public Address,Unassigned Overview Topics,2026-06-14,Sunday,17,37,10,0,27.03,06:44,https://i.ytimg.com/vi/mVWbLcjlRag/maxresdefault.jpg,https://youtube.com/watch?v=mVWbLcjlRag,mVWbLcjlRag,#blood #donation #blooddonation #savelife #quran
قوم کے معمار vs تخریب کار | Builders Vs Destroyers,Standalone Keynotes,Socio-Spiritual Ethics & Family,Social & Family Ethics,2025-11-05,Wednesday,1,37,5,0,13.51,52:27,https://i.ytimg.com/vi/KNQ0npsaYUU/maxresdefault.jpg,https://youtube.com/watch?v=KNQ0npsaYUU,KNQ0npsaYUU,"#quran #ramazan #tarjuma #tarjumaequran #muhammad A complete translation & short explanation of the Holy Quran; the Book of our only Lord; ALLAH. Please subscribe to our channel And Press the bell Button. Also, like our videos and share them with family and friends..."
47. Sorat Ahqaf ayat 20 to sorat Fatah end # Dora Quran 2025,Standalone Keynotes,Socio-Spiritual Ethics & Family,Social & Family Ethics,2025-03-24,Monday,8,37,4,0,10.81,01:42:36,https://i.ytimg.com/vi/SL43H2ZVD_g/maxresdefault.jpg,https://youtube.com/watch?v=SL43H2ZVD_g,SL43H2ZVD_g,"#quran #ramazan #tarjuma #tarjumaequran #muhammad A complete translation & short explanation of the Holy Quran; the Book of our only Lord; ALLAH. Please subscribe to our channel And Press the bell Button. Also, like our videos and share them with family and friends..."
112- Insharah to Alaq | Dora Tarjuma Quran,Standalone Keynotes,Socio-Spiritual Ethics & Family,Social & Family Ethics,2024-04-22,Monday,0,37,2,0,5.41,44:48,https://i.ytimg.com/vi/bY-f6odPWYU/maxresdefault.jpg,https://youtube.com/watch?v=bY-f6odPWYU,bY-f6odPWYU,"#quran #ramazan #tarjuma #tarjumaequran #muhammad A complete translation & short explanation of the Holy Quran; the Book of our only Lord; ALLAH. Please subscribe to our channel And Press the bell Button. Also, like our videos and share them with family and friends..."
27a. Mulk to Maarij. Initial makki scenes.,Standalone Keynotes,Socio-Spiritual Ethics & Family,Social & Family Ethics,2024-04-07,Sunday,4,37,2,1,8.11,01:00:42,https://i.ytimg.com/vi/LCp9DJl8h1w/maxresdefault.jpg,https://youtube.com/watch?v=LCp9DJl8h1w,LCp9DJl8h1w,"#quran #ramazan #tarjuma #tarjumaequran #muhammad A complete translation & short explanation of the Holy Quran; the Book of our only Lord; ALLAH. Please subscribe to our channel And Press the bell Button. Also, like our videos and share them with family and friends..."
22a. Zumar. Toheed fi Itaaet. Oneness in Slavery.,Standalone Keynotes,Socio-Spiritual Ethics & Family,Social & Family Ethics,2024-04-02,Tuesday,4,37,2,0,5.41,01:11:36,https://i.ytimg.com/vi/mkFmVZ96ohE/maxresdefault.jpg,https://youtube.com/watch?v=mkFmVZ96ohE,mkFmVZ96ohE,"#quran #ramazan #tarjuma #tarjumaequran #muhammad A complete translation & short explanation of the Holy Quran; the Book of our only Lord; ALLAH. Please subscribe to our channel And Press the bell Button. Also, like our videos and share them with family and friends..."
20c. Sorat Saba. Makki dialogue.,Standalone Keynotes,Socio-Spiritual Ethics & Family,Social & Family Ethics,2024-03-31,Sunday,7,37,4,0,10.81,50:27,https://i.ytimg.com/vi/FNIFGvmExt0/maxresdefault.jpg,https://youtube.com/watch?v=FNIFGvmExt0,FNIFGvmExt0,"#quran #ramazan #tarjuma #tarjumaequran #muhammad A complete translation & short explanation of the Holy Quran; the Book of our only Lord; ALLAH. Please subscribe to our channel And Press the bell Button. Also, like our videos and share them with family and friends..."
72- Luqman | Dora Tarjuma Quran,Standalone Keynotes,Socio-Spiritual Ethics & Family,Social & Family Ethics,2024-02-19,Monday,2,37,5,0,13.51,47:05,https://i.ytimg.com/vi/09Swd9eUw5I/maxresdefault.jpg,https://youtube.com/watch?v=09Swd9eUw5I,09Swd9eUw5I,"#quran #ramazan #tarjuma #tarjumaequran #muhammad A complete translation & short explanation of the Holy Quran; the Book of our only Lord; ALLAH. Please subscribe to our channel And Press the bell Button. Also, like our videos and share them with family and friends... Please subscribe to our channel And Press the bell Button. Also, like our videos and share them with family and friends..."
67- Qasas R1-4/A1-42 | Dora Tarjuma Quran,Standalone Keynotes,Socio-Spiritual Ethics & Family,Social & Family Ethics,2024-02-14,Wednesday,2,37,5,0,13.51,44:09,https://i.ytimg.com/vi/9_n7DW3fSlE/maxresdefault.jpg,https://youtube.com/watch?v=9_n7DW3fSlE,9_n7DW3fSlE,"#quran #ramazan #tarjuma #tarjumaequran #muhammad A complete translation & short explanation of the Holy Quran; the Book of our only Lord; ALLAH. Please subscribe to our channel And Press the bell Button. Also, like our videos and share them with family and friends... Please subscribe to our channel And Press the bell Button. Also, like our videos and share them with family and friends..."
Qiamat ka din | Judgment Day,Standalone Keynotes,Socio-Spiritual Ethics & Family,Social & Family Ethics,2023-08-15,Tuesday,14,37,4,1,13.51,39:33,https://i.ytimg.com/vi/jSzokYaZfQQ/maxresdefault.jpg,https://youtube.com/watch?v=jSzokYaZfQQ,jSzokYaZfQQ,"#qiamat #quran #muhammad #tarjumaequran #darsequran Please subscribe to our channel And Press the bell Button. Also, like our videos and share them with family and friends..."
Socio-politico-economic effects of Ramazan | روزہ کے معاشرتی و معاشی و سیاسی اثرات | Khutba e Jumma,General Discourse,Socio-Spiritual Ethics & Family,Social & Family Ethics,2023-04-08,Saturday,11,37,5,1,16.22,33:31,https://i.ytimg.com/vi/Ru4cxcjqrtE/maxresdefault.jpg,https://youtube.com/watch?v=Ru4cxcjqrtE,Ru4cxcjqrtE,"Khutba e Jumma 31-03-23 #quran #islam #islamicsociety #islamiceconomics #islamicpolitics #muhammad #spouse #corruption #bribe Please subscribe to our channel And Press the bell Button. Also, like our videos and share them with family and friends..."
10 March 2023,General Discourse,General Public Address,Unassigned Overview Topics,2023-03-23,Thursday,21,37,2,0,5.41,02:30,https://i.ytimg.com/vi/KpS594Sf5mY/sddefault.jpg,https://youtube.com/watch?v=KpS594Sf5mY,KpS594Sf5mY,
28a. What to do in times of persecution. Burooj to Balad,Standalone Keynotes,Socio-Spiritual Ethics & Family,Social & Family Ethics,2024-04-08,Monday,7,36,1,0,2.78,54:10,https://i.ytimg.com/vi/VLcQnSvx-IQ/maxresdefault.jpg,https://youtube.com/watch?v=VLcQnSvx-IQ,VLcQnSvx-IQ,"#quran #ramazan #tarjuma #tarjumaequran #muhammad A complete translation & short explanation of the Holy Quran; the Book of our only Lord; ALLAH. Please subscribe to our channel And Press the bell Button. Also, like our videos and share them with family and friends..."
97- Sura Al-Najam & Al-Qamar | Dora Tarjuma Quran,Standalone Keynotes,Socio-Spiritual Ethics & Family,Social & Family Ethics,2024-04-01,Monday,20,36,2,0,5.56,33:18,https://i.ytimg.com/vi/GzdNSf3yicE/maxresdefault.jpg,https://youtube.com/watch?v=GzdNSf3yicE,GzdNSf3yicE,"#quran #ramazan #tarjuma #tarjumaequran #muhammad A complete translation & short explanation of the Holy Quran; the Book of our only Lord; ALLAH. Please subscribe to our channel And Press the bell Button. Also, like our videos and share them with family and friends... Please subscribe to our channel And Press the bell Button. Also, like our videos and share them with family and friends..."
16a. Anbia last to Alhajj start,Standalone Keynotes,Socio-Spiritual Ethics & Family,Social & Family Ethics,2024-03-27,Wednesday,4,36,3,0,8.33,57:35,https://i.ytimg.com/vi/8pTjTMuZXII/maxresdefault.jpg,https://youtube.com/watch?v=8pTjTMuZXII,8pTjTMuZXII,"#quran #ramazan #tarjuma #tarjumaequran #muhammad A complete translation & short explanation of the Holy Quran; the Book of our only Lord; ALLAH. Please subscribe to our channel And Press the bell Button. Also, like our videos and share them with family and friends..."
10c. What to do? Toba 3,Standalone Keynotes,Socio-Spiritual Ethics & Family,Social & Family Ethics,2024-03-21,Thursday,7,36,3,0,8.33,59:08,https://i.ytimg.com/vi/ftC5w1oFPJc/maxresdefault.jpg,https://youtube.com/watch?v=ftC5w1oFPJc,ftC5w1oFPJc,"#quran #ramazan #tarjuma #tarjumaequran #muhammad A complete translation & short explanation of the Holy Quran; the Book of our only Lord; ALLAH. Please subscribe to our channel And Press the bell Button. Also, like our videos and share them with family and friends..."
34- Toba R8-11/A60-93 | Dora Tarjuma Quran,Standalone Keynotes,Socio-Spiritual Ethics & Family,Social & Family Ethics,2023-10-27,Friday,2,36,6,0,16.67,28:14,https://i.ytimg.com/vi/XNgzG60ScOw/maxresdefault.jpg,https://youtube.com/watch?v=XNgzG60ScOw,XNgzG60ScOw,"#quran #ramazan #tarjuma #tarjumaequran #muhammad A complete translation & short explanation of the Holy Quran; the Book of our only Lord; ALLAH. Please subscribe to our channel And Press the bell Button. Also, like our videos and share them with family and friends... Please subscribe to our channel And Press the bell Button. Also, like our videos and share them with family and friends..."
30- Anfaal R2-5/A5-44 | Dora Tarjuma Quran,Standalone Keynotes,Socio-Spiritual Ethics & Family,Social & Family Ethics,2023-10-08,Sunday,1,36,7,0,19.44,41:21,https://i.ytimg.com/vi/_BFzD8m-nD8/maxresdefault.jpg,https://youtube.com/watch?v=_BFzD8m-nD8,_BFzD8m-nD8,"#quran #ramazan #tarjuma #tarjumaequran #muhammad A complete translation & short explanation of the Holy Quran; the Book of our only Lord; ALLAH. Please subscribe to our channel And Press the bell Button. Also, like our videos and share them with family and friends... Please subscribe to our channel And Press the bell Button. Also, like our videos and share them with family and friends..."
Qiamat & Death | قیامت اور موت,Standalone Keynotes,Socio-Spiritual Ethics & Family,Social & Family Ethics,2023-09-03,Sunday,17,36,4,0,11.11,24:21,https://i.ytimg.com/vi/TJAyaF1ofcQ/maxresdefault.jpg,https://youtube.com/watch?v=TJAyaF1ofcQ,TJAyaF1ofcQ,"#qiamat #death #quran #ramazan #tarjuma #tarjumaequran #muhammad A complete translation & short explanation of the Holy Quran; the Book of our only Lord; ALLAH. Please subscribe to our channel And Press the bell Button. Also, like our videos and share them with family and friends..."
15- Nisaa R9-19/A60-134 | Dora Tarjuma Quran,Standalone Keynotes,Socio-Spiritual Ethics & Family,Social & Family Ethics,2023-07-07,Friday,15,36,5,2,19.44,01:16:51,https://i.ytimg.com/vi/MZO9ycCSR70/maxresdefault.jpg,https://youtube.com/watch?v=MZO9ycCSR70,MZO9ycCSR70,"#quran #ramazan #tarjuma #tarjumaequran #muhammad A complete translation & short explanation of the Holy Quran; the Book of our only Lord; ALLAH. Please subscribe to our channel And Press the bell Button. Also, like our videos and share them with family and friends... Please subscribe to our channel And Press the bell Button. Also, like our videos and share them with family and friends..."
Story of a great Believer -2 | عظیم امتی کی کہانی | Khutba e jumma,General Discourse,Socio-Spiritual Ethics & Family,Social & Family Ethics,2023-06-11,Sunday,17,36,3,2,13.89,37:09,https://i.ytimg.com/vi/qpKgIY9TK9Y/maxresdefault.jpg,https://youtube.com/watch?v=qpKgIY9TK9Y,qpKgIY9TK9Y,"Khutba e Jumma 09-06-23 #quran #muhammad #امتی Please subscribe to our channel And Press the bell Button. Also, like our videos and share them with family and friends..."
Shame -4 | حیا و پاکبازی | Gender Difference | Special Lecture 12,General Discourse,Constitutional Law & Statecraft,Amendments & Legal History,2023-02-07,Tuesday,2,36,4,0,11.11,24:06,https://i.ytimg.com/vi/or6C6vVihGg/maxresdefault.jpg,https://youtube.com/watch?v=or6C6vVihGg,or6C6vVihGg,"Sex Discipline in Islam -4 | حیا و پاکبازی | Gender Difference | Special Lecture 12 This is a group of lectures about the Quranic descriptions of Islamic principles of Shame, Chastity, Sex Discipline, and refraining from vulgarity. #vulgarity #shame #Chastity #Sex_discipline #dress #shatan Please subscribe to our channel And Press the bell Button. So, You can receive our latest videos... Also, like our videos and share them with family and friends... If you have any questions or suggestions please let us know through your valuable comments... Thanks for watching this video.."
30. Sorat Maryam # Dora Quran 2025,Standalone Keynotes,Socio-Spiritual Ethics & Family,Social & Family Ethics,2025-03-16,Sunday,5,35,6,0,17.14,57:42,https://i.ytimg.com/vi/VZWqH_7yz2U/maxresdefault.jpg,https://youtube.com/watch?v=VZWqH_7yz2U,VZWqH_7yz2U,"#quran #ramazan #tarjuma #tarjumaequran #muhammad A complete translation & short explanation of the Holy Quran; the Book of our only Lord; ALLAH. Please subscribe to our channel And Press the bell Button. Also, like our videos and share them with family and friends..."
12. Quranic Arabic Class | Passive voice & To stress upon sentence,Standalone Keynotes,Socio-Spiritual Ethics & Family,Social & Family Ethics,2025-02-13,Thursday,5,35,1,0,2.86,01:17:20,https://i.ytimg.com/vi/RIiTDs5zNNs/maxresdefault.jpg,https://youtube.com/watch?v=RIiTDs5zNNs,RIiTDs5zNNs,"#quran #ramazan #tarjuma #tarjumaequran #muhammad A complete translation & short explanation of the Holy Quran; the Book of our only Lord; ALLAH. Please subscribe to our channel And Press the bell Button. Also, like our videos and share them with family and friends..."
Arab condition | عرب کی صورتحال,Standalone Keynotes,Socio-Spiritual Ethics & Family,Social & Family Ethics,2025-01-19,Sunday,4,35,7,0,20.0,01:03:56,https://i.ytimg.com/vi/7TbXLObvxfo/maxresdefault.jpg,https://youtube.com/watch?v=7TbXLObvxfo,7TbXLObvxfo,"#quran #ramazan #tarjuma #tarjumaequran #muhammad A complete translation & short explanation of the Holy Quran; the Book of our only Lord; ALLAH. Please subscribe to our channel And Press the bell Button. Also, like our videos and share them with family and friends..."
یہود و نصارٰی کو ولی مت بناؤ، مگر کیسے؟,Standalone Keynotes,Socio-Spiritual Ethics & Family,Social & Family Ethics,2024-08-12,Monday,9,35,4,1,14.29,01:00:37,https://i.ytimg.com/vi/tlM51f5LoaU/sddefault.jpg,https://youtube.com/watch?v=tlM51f5LoaU,tlM51f5LoaU,"#quran #ramazan #tarjuma #tarjumaequran #muhammad A complete translation & short explanation of the Holy Quran; the Book of our only Lord; ALLAH. Please subscribe to our channel And Press the bell Button. Also, like our videos and share them with family and friends..."
102- Mumtahina R2/A13 | Dora Tarjuma Quran,Standalone Keynotes,Socio-Spiritual Ethics & Family,Social & Family Ethics,2024-04-10,Wednesday,3,35,3,0,8.57,34:23,https://i.ytimg.com/vi/ffJVWpv3WKg/maxresdefault.jpg,https://youtube.com/watch?v=ffJVWpv3WKg,ffJVWpv3WKg,"#quran #ramazan #tarjuma #tarjumaequran #muhammad A complete translation & short explanation of the Holy Quran; the Book of our only Lord; ALLAH. Please subscribe to our channel And Press the bell Button. Also, like our videos and share them with family and friends..."
23b. Establish a Consultation system via consultationary process. Shoora 2,Standalone Keynotes,Socio-Spiritual Ethics & Family,Social & Family Ethics,2024-04-03,Wednesday,6,35,2,0,5.71,01:22:08,https://i.ytimg.com/vi/bJfZStgY84c/maxresdefault.jpg,https://youtube.com/watch?v=bJfZStgY84c,bJfZStgY84c,"#quran #ramazan #tarjuma #tarjumaequran #muhammad A complete translation & short explanation of the Holy Quran; the Book of our only Lord; ALLAH. Please subscribe to our channel And Press the bell Button. Also, like our videos and share them with family and friends..."
21a. Sorat Fatir. Antidepressant Sorat,Standalone Keynotes,Socio-Spiritual Ethics & Family,Social & Family Ethics,2024-04-01,Monday,4,35,3,0,8.57,01:00:16,https://i.ytimg.com/vi/aT1ogMO49oI/maxresdefault.jpg,https://youtube.com/watch?v=aT1ogMO49oI,aT1ogMO49oI,"#quran #ramazan #tarjuma #tarjumaequran #muhammad A complete translation & short explanation of the Holy Quran; the Book of our only Lord; ALLAH. Please subscribe to our channel And Press the bell Button. Also, like our videos and share them with family and friends..."
10b. Battle of Tabook. Toba 2,Standalone Keynotes,Civilizational History & Seerah,General Discussion,2024-03-21,Thursday,5,35,2,0,5.71,54:50,https://i.ytimg.com/vi/psqArpxk2ZE/maxresdefault.jpg,https://youtube.com/watch?v=psqArpxk2ZE,psqArpxk2ZE,"#quran #ramazan #tarjuma #tarjumaequran #muhammad A complete translation & short explanation of the Holy Quran; the Book of our only Lord; ALLAH. Please subscribe to our channel And Press the bell Button. Also, like our videos and share them with family and friends..."
78- Saaffaat | Dora Tarjuma Quran,Standalone Keynotes,Socio-Spiritual Ethics & Family,Social & Family Ethics,2024-02-25,Sunday,6,35,4,0,11.43,34:58,https://i.ytimg.com/vi/kdDgHes4Wos/maxresdefault.jpg,https://youtube.com/watch?v=kdDgHes4Wos,kdDgHes4Wos,"#quran #ramazan #tarjuma #tarjumaequran #muhammad A complete translation & short explanation of the Holy Quran; the Book of our only Lord; ALLAH. Please subscribe to our channel And Press the bell Button. Also, like our videos and share them with family and friends... Please subscribe to our channel And Press the bell Button. Also, like our videos and share them with family and friends..."
خلافت کی شورائيت اور اليكشن,General Discourse,Islamic Political Systems,General Discussion,2024-02-07,Wednesday,18,35,8,0,22.86,00:56,https://i.ytimg.com/vi/PH4vWkuLNTY/maxresdefault.jpg,https://youtube.com/watch?v=PH4vWkuLNTY,PH4vWkuLNTY,#khilafat #quran #muhammad #politics
Aiman k samrat | ایمان کے ثمرات,Standalone Keynotes,Socio-Spiritual Ethics & Family,Social & Family Ethics,2023-08-08,Tuesday,15,35,4,0,11.43,57:42,https://i.ytimg.com/vi/NEuh74-m4N8/maxresdefault.jpg,https://youtube.com/watch?v=NEuh74-m4N8,NEuh74-m4N8,"#quran #ramazan #tarjuma #tarjumaequran #muhammad A complete translation & short explanation of the Holy Quran; the Book of our only Lord; ALLAH. Please subscribe to our channel And Press the bell Button. Also, like our videos and share them with family and friends..."
Child killing & Vulgarity,Standalone Keynotes,Socio-Spiritual Ethics & Family,Social & Family Ethics,2026-02-12,Thursday,13,34,3,0,8.82,36:39,https://i.ytimg.com/vi/0cthinX6KYk/maxresdefault.jpg,https://youtube.com/watch?v=0cthinX6KYk,0cthinX6KYk,"#quran #ramazan #tarjuma #tarjumaequran #muhammad A complete translation & short explanation of the Holy Quran; the Book of our only Lord; ALLAH. Please subscribe to our channel And Press the bell Button. Also, like our videos and share them with family and friends..."
First 40 years | سیرت النبیﷺ | 4,General Discourse,Civilizational History & Seerah,General Discussion,2025-12-27,Saturday,3,34,2,0,5.88,17:05,https://i.ytimg.com/vi/VeLmV9JyW94/hqdefault.jpg,https://youtube.com/watch?v=VeLmV9JyW94,VeLmV9JyW94,
Condition of Arab | سیرت النبی ﷺ | 3,General Discourse,Civilizational History & Seerah,General Discussion,2025-12-26,Friday,3,34,6,0,17.65,17:29,https://i.ytimg.com/vi/3b99fsnDeq0/maxresdefault.jpg,https://youtube.com/watch?v=3b99fsnDeq0,3b99fsnDeq0,
32. Taha 25-Anbiaa complete # Dora Quran 2025,Standalone Keynotes,Socio-Spiritual Ethics & Family,Social & Family Ethics,2025-03-15,Saturday,19,34,3,0,8.82,01:35:34,https://i.ytimg.com/vi/Vq7sdPTuTjY/maxresdefault.jpg,https://youtube.com/watch?v=Vq7sdPTuTjY,Vq7sdPTuTjY,"#quran #ramazan #tarjuma #tarjumaequran #muhammad A complete translation & short explanation of the Holy Quran; the Book of our only Lord; ALLAH. Please subscribe to our channel And Press the bell Button. Also, like our videos and share them with family and friends..."
"26c. Family life of Momin and extreme behaviours. Taghabun, Talaq, Tahreem",Standalone Keynotes,Socio-Spiritual Ethics & Family,Social & Family Ethics,2024-04-06,Saturday,8,34,3,0,8.82,01:03:47,https://i.ytimg.com/vi/6CkIa6xfZR4/maxresdefault.jpg,https://youtube.com/watch?v=6CkIa6xfZR4,6CkIa6xfZR4,"#quran #ramazan #tarjuma #tarjumaequran #muhammad A complete translation & short explanation of the Holy Quran; the Book of our only Lord; ALLAH. Please subscribe to our channel And Press the bell Button. Also, like our videos and share them with family and friends..."
"17b. Noor 2. Iman, Khilafat and Election",Standalone Keynotes,Civilizational History & Seerah,Empires & Caliphates,2024-03-28,Thursday,6,34,3,0,8.82,50:46,https://i.ytimg.com/vi/Zgdapl_8AW0/maxresdefault.jpg,https://youtube.com/watch?v=Zgdapl_8AW0,Zgdapl_8AW0,"#quran #ramazan #tarjuma #tarjumaequran #muhammad A complete translation & short explanation of the Holy Quran; the Book of our only Lord; ALLAH. Please subscribe to our channel And Press the bell Button. Also, like our videos and share them with family and friends..."
9b. Battle of Badr. Anfaal 1,Standalone Keynotes,Civilizational History & Seerah,General Discussion,2024-03-20,Wednesday,5,34,3,0,8.82,54:11,https://i.ytimg.com/vi/KZDCCYrInd0/maxresdefault.jpg,https://youtube.com/watch?v=KZDCCYrInd0,KZDCCYrInd0,"#quran #ramazan #tarjuma #tarjumaequran #muhammad A complete translation & short explanation of the Holy Quran; the Book of our only Lord; ALLAH. Please subscribe to our channel And Press the bell Button. Also, like our videos and share them with family and friends..."
73- Sajda | Dora tajuma Quran,Standalone Keynotes,Socio-Spiritual Ethics & Family,Social & Family Ethics,2024-02-19,Monday,11,34,5,0,14.71,14:58,https://i.ytimg.com/vi/ypEZaUUt0u8/maxresdefault.jpg,https://youtube.com/watch?v=ypEZaUUt0u8,ypEZaUUt0u8,"#quran #ramazan #tarjuma #tarjumaequran #muhammad A complete translation & short explanation of the Holy Quran; the Book of our only Lord; ALLAH. Please subscribe to our channel And Press the bell Button. Also, like our videos and share them with family and friends... Please subscribe to our channel And Press the bell Button. Also, like our videos and share them with family and friends..."
28- Araaf R22-24/A172-206 | Dora Tarjuma Quran,Standalone Keynotes,Socio-Spiritual Ethics & Family,Social & Family Ethics,2023-09-27,Wednesday,14,34,4,0,11.76,40:33,https://i.ytimg.com/vi/66TQIIso7Vk/maxresdefault.jpg,https://youtube.com/watch?v=66TQIIso7Vk,66TQIIso7Vk,"#quran #ramazan #tarjuma #tarjumaequran #muhammad A complete translation & short explanation of the Holy Quran; the Book of our only Lord; ALLAH. Please subscribe to our channel And Press the bell Button. Also, like our videos and share them with family and friends... Please subscribe to our channel And Press the bell Button. Also, like our videos and share them with family and friends..."
Story of a great believer -1 | عظیم امتی کی کہانی |  Khutba e Jumma,General Discourse,Civilizational History & Seerah,Prophetic Era (Seerah),2023-06-06,Tuesday,4,34,2,0,5.88,30:30,https://i.ytimg.com/vi/FSonQOYtBC0/maxresdefault.jpg,https://youtube.com/watch?v=FSonQOYtBC0,FSonQOYtBC0,Khutba e Jumma 02-06 ایک عظیم سچے امتی کی کہانی | قرآن کے دل کی زبانی Story of a true great believeer by the Heart of Quran. #muhammad #quran #heartofquran #prophet #prophetmuhammad
Quran Ka Dil | قرآن کا دل | Khutba e Jumma,General Discourse,General Public Address,Unassigned Overview Topics,2023-05-27,Saturday,8,34,4,0,11.76,31:28,https://i.ytimg.com/vi/m8S4E_3I7zI/maxresdefault.jpg,https://youtube.com/watch?v=m8S4E_3I7zI,m8S4E_3I7zI,Khutba e Jumma 26-05-23 #muhammad #muhammad #قرآن #heartofquran #دل
6/14 Quranic Arabic Learning,Standalone Keynotes,Socio-Spiritual Ethics & Family,Social & Family Ethics,2026-02-01,Sunday,5,33,1,0,3.03,01:32:06,https://i.ytimg.com/vi/0CF1sOCXDxQ/maxresdefault.jpg,https://youtube.com/watch?v=0CF1sOCXDxQ,0CF1sOCXDxQ,"#quran #ramazan #tarjuma #tarjumaequran #muhammad A complete translation & short explanation of the Holy Quran; the Book of our only Lord; ALLAH. Please subscribe to our channel And Press the bell Button. Also, like our videos and share them with family and friends..."
7 Basic Quranic Commandments & our Current Scenario,Standalone Keynotes,Socio-Spiritual Ethics & Family,Social & Family Ethics,2025-11-11,Tuesday,19,33,4,0,12.12,55:03,https://i.ytimg.com/vi/Tgb0Lm13zrA/maxresdefault.jpg,https://youtube.com/watch?v=Tgb0Lm13zrA,Tgb0Lm13zrA,"#quran #ramazan #tarjuma #tarjumaequran #muhammad A complete translation & short explanation of the Holy Quran; the Book of our only Lord; ALLAH. Please subscribe to our channel And Press the bell Button. Also, like our videos and share them with family and friends..."
13. Maida 87-120 # Dora Quran 2025,Standalone Keynotes,Socio-Spiritual Ethics & Family,Social & Family Ethics,2025-03-08,Saturday,5,33,9,2,33.33,35:56,https://i.ytimg.com/vi/idmXQ5nBKoY/maxresdefault.jpg,https://youtube.com/watch?v=idmXQ5nBKoY,idmXQ5nBKoY,"#quran #ramazan #tarjuma #tarjumaequran #muhammad A complete translation & short explanation of the Holy Quran; the Book of our only Lord; ALLAH. Please subscribe to our channel And Press the bell Button. Also, like our videos and share them with family and friends..."
110- Abas to Fajar | Dora Tarjuma Quran,Standalone Keynotes,Socio-Spiritual Ethics & Family,Social & Family Ethics,2024-04-18,Thursday,6,33,3,2,15.15,49:31,https://i.ytimg.com/vi/-h64V_vO0Vo/maxresdefault.jpg,https://youtube.com/watch?v=-h64V_vO0Vo,-h64V_vO0Vo,"#quran #ramazan #tarjuma #tarjumaequran #muhammad A complete translation & short explanation of the Holy Quran; the Book of our only Lord; ALLAH. Please subscribe to our channel And Press the bell Button. Also, like our videos and share them with family and friends..."
Jstice. Purpose of Prophethood and Ummat. عدل و انصاف,General Discourse,Civilizational History & Seerah,Prophetic Era (Seerah),2024-03-30,Saturday,5,33,2,0,6.06,23:28,https://i.ytimg.com/vi/e2TdtIPn93g/maxresdefault.jpg,https://youtube.com/watch?v=e2TdtIPn93g,e2TdtIPn93g,"Khutba e Jumma 29-03-2024. Please subscribe to our channel And Press the bell Button. Also, like our videos and share them with family and friends..."
11a. Makki Dawat. Younus 1,Standalone Keynotes,Socio-Spiritual Ethics & Family,Social & Family Ethics,2024-03-22,Friday,4,33,2,0,6.06,58:31,https://i.ytimg.com/vi/b-0K-TS8LNs/maxresdefault.jpg,https://youtube.com/watch?v=b-0K-TS8LNs,b-0K-TS8LNs,"#quran #ramazan #tarjuma #tarjumaequran #muhammad A complete translation & short explanation of the Holy Quran; the Book of our only Lord; ALLAH. Please subscribe to our channel And Press the bell Button. Also, like our videos and share them with family and friends..."
"7a. Permissible, Not permissible. Maida 3",Standalone Keynotes,Socio-Spiritual Ethics & Family,Social & Family Ethics,2024-03-18,Monday,5,33,2,0,6.06,43:11,https://i.ytimg.com/vi/WYGhzkwpQRQ/maxresdefault.jpg,https://youtube.com/watch?v=WYGhzkwpQRQ,WYGhzkwpQRQ,"#quran #ramazan #tarjuma #tarjumaequran #muhammad A complete translation & short explanation of the Holy Quran; the Book of our only Lord; ALLAH. Please subscribe to our channel And Press the bell Button. Also, like our videos and share them with family and friends..."
91- Sura Muhammad (Complete) | Dora Tarjuma Quran,Standalone Keynotes,Socio-Spiritual Ethics & Family,Social & Family Ethics,2024-03-11,Monday,1,33,4,0,12.12,01:03:31,https://i.ytimg.com/vi/fvXwVkTCsho/maxresdefault.jpg,https://youtube.com/watch?v=fvXwVkTCsho,fvXwVkTCsho,"#quran #ramazan #tarjuma #tarjumaequran #muhammad A complete translation & short explanation of the Holy Quran; the Book of our only Lord; ALLAH. Please subscribe to our channel And Press the bell Button. Also, like our videos and share them with family and friends... Please subscribe to our channel And Press the bell Button. Also, like our videos and share them with family and friends..."
88- Sura Al-Jasiyah R1-4 A1-37 | Dora Tarjuma Quran,Standalone Keynotes,Socio-Spiritual Ethics & Family,Social & Family Ethics,2024-03-08,Friday,1,33,4,2,18.18,28:10,https://i.ytimg.com/vi/VvXuSu-EMBw/maxresdefault.jpg,https://youtube.com/watch?v=VvXuSu-EMBw,VvXuSu-EMBw,"#quran #ramazan #tarjuma #tarjumaequran #muhammad A complete translation & short explanation of the Holy Quran; the Book of our only Lord; ALLAH. Please subscribe to our channel And Press the bell Button. Also, like our videos and share them with family and friends... Please subscribe to our channel And Press the bell Button. Also, like our videos and share them with family and friends..."
69- Ankaboot R1-2/A1-22 | Dora Tarjuma Quran,Standalone Keynotes,Socio-Spiritual Ethics & Family,Social & Family Ethics,2024-02-16,Friday,2,33,6,0,18.18,33:51,https://i.ytimg.com/vi/5vLZaUhZDVU/maxresdefault.jpg,https://youtube.com/watch?v=5vLZaUhZDVU,5vLZaUhZDVU,"#quran #ramazan #tarjuma #tarjumaequran #muhammad A complete translation & short explanation of the Holy Quran; the Book of our only Lord; ALLAH. Please subscribe to our channel And Press the bell Button. Also, like our videos and share them with family and friends... Please subscribe to our channel And Press the bell Button. Also, like our videos and share them with family and friends..."
43- Ibrahim R1-7/A1-52 | Dora Tarjuma Quran,Standalone Keynotes,Socio-Spiritual Ethics & Family,Social & Family Ethics,2023-11-24,Friday,4,33,3,2,15.15,41:53,https://i.ytimg.com/vi/RJbq7hZe3kk/maxresdefault.jpg,https://youtube.com/watch?v=RJbq7hZe3kk,RJbq7hZe3kk,"#quran #ramazan #tarjuma #tarjumaequran #muhammad A complete translation & short explanation of the Holy Quran; the Book of our only Lord; ALLAH. Please subscribe to our channel And Press the bell Button. Also, like our videos and share them with family and friends... Please subscribe to our channel And Press the bell Button. Also, like our videos and share them with family and friends..."
7/14 Quranic Arabic Learning,Standalone Keynotes,Socio-Spiritual Ethics & Family,Social & Family Ethics,2026-02-02,Monday,6,32,2,0,6.25,01:42:25,https://i.ytimg.com/vi/0GkFyuyEe2Q/maxresdefault.jpg,https://youtube.com/watch?v=0GkFyuyEe2Q,0GkFyuyEe2Q,"#quran #ramazan #tarjuma #tarjumaequran #muhammad A complete translation & short explanation of the Holy Quran; the Book of our only Lord; ALLAH. Please subscribe to our channel And Press the bell Button. Also, like our videos and share them with family and friends..."
96- Sorat Qaaf ta Toor | Dora Tarjuma Quran,Standalone Keynotes,Socio-Spiritual Ethics & Family,Social & Family Ethics,2024-03-26,Tuesday,4,32,3,0,9.38,38:36,https://i.ytimg.com/vi/ObRMfFQJMm4/maxresdefault.jpg,https://youtube.com/watch?v=ObRMfFQJMm4,ObRMfFQJMm4,"#quran #ramazan #tarjuma #tarjumaequran #muhammad A complete translation & short explanation of the Holy Quran; the Book of our only Lord; ALLAH. Please subscribe to our channel And Press the bell Button. Also, like our videos and share them with family and friends... Please subscribe to our channel And Press the bell Button. Also, like our videos and share them with family and friends..."
95- Hujurat R2/A11-18 | Dora Tarjuma Quran,Standalone Keynotes,Socio-Spiritual Ethics & Family,Social & Family Ethics,2024-03-21,Thursday,4,32,3,0,9.38,27:46,https://i.ytimg.com/vi/xjA1psXt0A8/maxresdefault.jpg,https://youtube.com/watch?v=xjA1psXt0A8,xjA1psXt0A8,"#quran #ramazan #tarjuma #tarjumaequran #muhammad A complete translation & short explanation of the Holy Quran; the Book of our only Lord; ALLAH. Please subscribe to our channel And Press the bell Button. Also, like our videos and share them with family and friends... Please subscribe to our channel And Press the bell Button. Also, like our videos and share them with family and friends..."
"90- Sura Al A""hqaaf R3&4 A21-35 | Dora Tarjuma Quran",Standalone Keynotes,Socio-Spiritual Ethics & Family,Social & Family Ethics,2024-03-10,Sunday,8,32,4,0,12.5,31:54,https://i.ytimg.com/vi/fgxDhFOdZgo/maxresdefault.jpg,https://youtube.com/watch?v=fgxDhFOdZgo,fgxDhFOdZgo,"#quran #ramazan #tarjuma #tarjumaequran #muhammad A complete translation & short explanation of the Holy Quran; the Book of our only Lord; ALLAH. Please subscribe to our channel And Press the bell Button. Also, like our videos and share them with family and friends... Please subscribe to our channel And Press the bell Button. Also, like our videos and share them with family and friends..."
87- Sura Dukhan (Complete) R1-3 A1-59 | Dora Tarjuma Quran,Standalone Keynotes,Socio-Spiritual Ethics & Family,Social & Family Ethics,2024-03-07,Thursday,9,32,4,0,12.5,01:05:48,https://i.ytimg.com/vi/U4sVDjB2IKs/maxresdefault.jpg,https://youtube.com/watch?v=U4sVDjB2IKs,U4sVDjB2IKs,"#quran #ramazan #tarjuma #tarjumaequran #muhammad A complete translation & short explanation of the Holy Quran; the Book of our only Lord; ALLAH. Please subscribe to our channel And Press the bell Button. Also, like our videos and share them with family and friends... Please subscribe to our channel And Press the bell Button. Also, like our videos and share them with family and friends..."
76- Saba & Fatir | Dora Tarjuma Quran,Standalone Keynotes,Socio-Spiritual Ethics & Family,Social & Family Ethics,2024-02-23,Friday,2,32,4,1,15.62,52:07,https://i.ytimg.com/vi/HR0PfNYNqqE/maxresdefault.jpg,https://youtube.com/watch?v=HR0PfNYNqqE,HR0PfNYNqqE,"#quran #ramazan #tarjuma #tarjumaequran #muhammad A complete translation & short explanation of the Holy Quran; the Book of our only Lord; ALLAH. Please subscribe to our channel And Press the bell Button. Also, like our videos and share them with family and friends... Please subscribe to our channel And Press the bell Button. Also, like our videos and share them with family and friends..."
Seerat un Nabi ﷺ | Relief from Grief | اسوہ حسنۃ,General Discourse,Civilizational History & Seerah,Prophetic Era (Seerah),2023-10-01,Sunday,3,32,8,0,25.0,47:12,https://i.ytimg.com/vi/d5TTorTUjYQ/maxresdefault.jpg,https://youtube.com/watch?v=d5TTorTUjYQ,d5TTorTUjYQ,"#muhammad #seerat #اسوہ حسنۃ #quran #relief #grief Please subscribe to our channel And Press the bell Button. Also, like our videos and share them with family and friends..."
57. Sorat Naba & Naziaat # Dora Quran 2025,Standalone Keynotes,Socio-Spiritual Ethics & Family,Social & Family Ethics,2025-03-29,Saturday,4,31,3,2,16.13,24:34,https://i.ytimg.com/vi/CgtYc2Krp7I/maxresdefault.jpg,https://youtube.com/watch?v=CgtYc2Krp7I,CgtYc2Krp7I,"#quran #ramazan #tarjuma #tarjumaequran #muhammad A complete translation & short explanation of the Holy Quran; the Book of our only Lord; ALLAH. Please subscribe to our channel And Press the bell Button. Also, like our videos and share them with family and friends..."
"54. Sorat Taghabun, Talaq & Tahreem # Dora Quran 2025",Standalone Keynotes,Socio-Spiritual Ethics & Family,Social & Family Ethics,2025-03-27,Thursday,18,31,6,0,19.35,01:25:44,https://i.ytimg.com/vi/r8Zmfmk1fB0/maxresdefault.jpg,https://youtube.com/watch?v=r8Zmfmk1fB0,r8Zmfmk1fB0,"#quran #ramazan #tarjuma #tarjumaequran #muhammad A complete translation & short explanation of the Holy Quran; the Book of our only Lord; ALLAH. Please subscribe to our channel And Press the bell Button. Also, like our videos and share them with family and friends..."
44B. Sorat Momin 14 to Fussilat 30 # Dora Quran 2025,Standalone Keynotes,Socio-Spiritual Ethics & Family,Social & Family Ethics,2025-03-22,Saturday,18,31,3,0,9.68,01:11:37,https://i.ytimg.com/vi/c2beUdz_fMI/maxresdefault.jpg,https://youtube.com/watch?v=c2beUdz_fMI,c2beUdz_fMI,"#quran #ramazan #tarjuma #tarjumaequran #muhammad A complete translation & short explanation of the Holy Quran; the Book of our only Lord; ALLAH. Please subscribe to our channel And Press the bell Button. Also, like our videos and share them with family and friends..."
27b. Nooh to Dahar. Initial makki dawat,Standalone Keynotes,Socio-Spiritual Ethics & Family,Social & Family Ethics,2024-04-07,Sunday,7,31,3,0,9.68,01:48:20,https://i.ytimg.com/vi/y00RU6asan4/maxresdefault.jpg,https://youtube.com/watch?v=y00RU6asan4,y00RU6asan4,"#quran #ramazan #tarjuma #tarjumaequran #muhammad A complete translation & short explanation of the Holy Quran; the Book of our only Lord; ALLAH. Please subscribe to our channel And Press the bell Button. Also, like our videos and share them with family and friends..."
"25b. Qamar, Rahman, Waqia. Beauty of Quran and Justice",Standalone Keynotes,Socio-Spiritual Ethics & Family,Social & Family Ethics,2024-04-05,Friday,8,31,3,0,9.68,01:53:45,https://i.ytimg.com/vi/AGjlgwwIvoI/maxresdefault.jpg,https://youtube.com/watch?v=AGjlgwwIvoI,AGjlgwwIvoI,"#quran #ramazan #tarjuma #tarjumaequran #muhammad A complete translation & short explanation of the Holy Quran; the Book of our only Lord; ALLAH. Please subscribe to our channel And Press the bell Button. Also, like our videos and share them with family and friends..."
13c. Detailed Blessings. Sorat Nahl,Standalone Keynotes,Socio-Spiritual Ethics & Family,Social & Family Ethics,2024-03-24,Sunday,7,31,2,0,6.45,58:37,https://i.ytimg.com/vi/0Q2vPYCY7Tc/maxresdefault.jpg,https://youtube.com/watch?v=0Q2vPYCY7Tc,0Q2vPYCY7Tc,"#quran #ramazan #tarjuma #tarjumaequran #muhammad A complete translation & short explanation of the Holy Quran; the Book of our only Lord; ALLAH. Please subscribe to our channel And Press the bell Button. Also, like our videos and share them with family and friends..."
10a. Conquest of Makka. Toba 1,Standalone Keynotes,Socio-Spiritual Ethics & Family,Social & Family Ethics,2024-03-21,Thursday,4,31,4,0,12.9,01:07:34,https://i.ytimg.com/vi/g3ifaw-GdME/maxresdefault.jpg,https://youtube.com/watch?v=g3ifaw-GdME,g3ifaw-GdME,"#quran #ramazan #tarjuma #tarjumaequran #muhammad A complete translation & short explanation of the Holy Quran; the Book of our only Lord; ALLAH. Please subscribe to our channel And Press the bell Button. Also, like our videos and share them with family and friends..."
5b. Family and state politics. Nisaa 2,Standalone Keynotes,Socio-Spiritual Ethics & Family,Social & Family Ethics,2024-03-16,Saturday,5,31,2,0,6.45,49:48,https://i.ytimg.com/vi/-32Q7QufQuY/maxresdefault.jpg,https://youtube.com/watch?v=-32Q7QufQuY,-32Q7QufQuY,"#quran #ramazan #tarjuma #tarjumaequran #muhammad A complete translation & short explanation of the Holy Quran; the Book of our only Lord; ALLAH. Please subscribe to our channel And Press the bell Button. Also, like our videos and share them with family and friends... Please subscribe to our channel And Press the bell Button. Also, like our videos and share them with family and friends..."
64- Shuaraa R1-4/A1-68 | Dora Tarjuma Quran,Standalone Keynotes,Socio-Spiritual Ethics & Family,Social & Family Ethics,2024-02-10,Saturday,3,31,5,0,16.13,47:30,https://i.ytimg.com/vi/16q1VXXPoXY/maxresdefault.jpg,https://youtube.com/watch?v=16q1VXXPoXY,16q1VXXPoXY,"#quran #ramazan #tarjuma #tarjumaequran #muhammad A complete translation & short explanation of the Holy Quran; the Book of our only Lord; ALLAH. Please subscribe to our channel And Press the bell Button. Also, like our videos and share them with family and friends... Please subscribe to our channel And Press the bell Button. Also, like our videos and share them with family and friends..."
33 - Toba R 5-7/A 34-59 | Dora Tarjuma Quran,Standalone Keynotes,Socio-Spiritual Ethics & Family,Social & Family Ethics,2023-10-21,Saturday,11,31,4,0,12.9,50:11,https://i.ytimg.com/vi/d0jx17LTzrY/maxresdefault.jpg,https://youtube.com/watch?v=d0jx17LTzrY,d0jx17LTzrY,"#quran #ramazan #tarjuma #tarjumaequran #muhammad A complete translation & short explanation of the Holy Quran; the Book of our only Lord; ALLAH. Please subscribe to our channel And Press the bell Button. Also, like our videos and share them with family and friends... Please subscribe to our channel And Press the bell Button. Also, like our videos and share them with family and friends..."
Thankful to Allah | افلا یشکرون | Khutba e Jumma,General Discourse,Socio-Spiritual Ethics & Family,Social & Family Ethics,2023-07-22,Saturday,6,31,1,0,3.23,27:48,https://i.ytimg.com/vi/xmwc6Sgykpc/maxresdefault.jpg,https://youtube.com/watch?v=xmwc6Sgykpc,xmwc6Sgykpc,"Khutba e Jumma 21-07-23 #شکر #شکرگزاری #شکر_گزاری #thankful #thanksgiving #ayat #namat #آیت_الله #quran #muhammad Please subscribe to our channel And Press the bell Button. Also, like our videos and share them with family and friends..."
Constitution of Pakistan: Unanimous Pact | آئینِ پاکستان: ایک متفقہ میثاق | Ep-02,Serial Coursework,Constitutional Law & Statecraft,General Discussion,2023-07-19,Wednesday,10,31,3,0,9.68,07:45,https://i.ytimg.com/vi/WjfKFOwED5o/maxresdefault.jpg,https://youtube.com/watch?v=WjfKFOwED5o,WjfKFOwED5o,"#constitution #pakistan #quran #islam Please subscribe to our channel And Press the bell Button. Also, like our videos and share them with family and friends..."
01- Who is really successful ? | Quran for Guidance Today,Standalone Keynotes,Socio-Spiritual Ethics & Family,Social & Family Ethics,2026-07-01,Wednesday,6,30,5,2,23.33,01:13:24,https://i.ytimg.com/vi/H5oFiJICavU/maxresdefault.jpg,https://youtube.com/watch?v=H5oFiJICavU,H5oFiJICavU,"#quran #ramazan #tarjuma #tarjumaequran #muhammad A complete translation & short explanation of the Holy Quran; the Book of our only Lord; ALLAH. Please subscribe to our channel And Press the bell Button. Also, like our videos and share them with family and friends..."
16. Aaraf 1-34 # Dora Quran 2025,General Discourse,General Public Address,Unassigned Overview Topics,2025-03-09,Sunday,16,30,1,0,3.33,25:04,https://i.ytimg.com/vi/w2UpMwgP3cI/maxresdefault.jpg,https://youtube.com/watch?v=w2UpMwgP3cI,w2UpMwgP3cI,
"26b. Mission & Process of the Prophet. S.A.W. Saff, Jumma, Munafiqon",Standalone Keynotes,Civilizational History & Seerah,Prophetic Era (Seerah),2024-04-06,Saturday,7,30,1,0,3.33,01:13:43,https://i.ytimg.com/vi/wdZYGE9Sqtk/maxresdefault.jpg,https://youtube.com/watch?v=wdZYGE9Sqtk,wdZYGE9Sqtk,"#quran #ramazan #tarjuma #tarjumaequran #muhammad A complete translation & short explanation of the Holy Quran; the Book of our only Lord; ALLAH. Please subscribe to our channel And Press the bell Button. Also, like our videos and share them with family and friends..."
12a. The Best Story. Test part. Yousuf 1,Standalone Keynotes,Socio-Spiritual Ethics & Family,Social & Family Ethics,2024-03-23,Saturday,4,30,4,0,13.33,57:45,https://i.ytimg.com/vi/dK9xpuqFGoI/maxresdefault.jpg,https://youtube.com/watch?v=dK9xpuqFGoI,dK9xpuqFGoI,"#quran #ramazan #tarjuma #tarjumaequran #muhammad A complete translation & short explanation of the Holy Quran; the Book of our only Lord; ALLAH. Please subscribe to our channel And Press the bell Button. Also, like our videos and share them with family and friends..."
24- Anaam R19-20/A150-165 | Dora Tarjuma Quran,Standalone Keynotes,Socio-Spiritual Ethics & Family,Social & Family Ethics,2023-09-09,Saturday,19,30,4,0,13.33,36:34,https://i.ytimg.com/vi/NL6eZVfcRjs/maxresdefault.jpg,https://youtube.com/watch?v=NL6eZVfcRjs,NL6eZVfcRjs,"#quran #ramazan #tarjuma #tarjumaequran #muhammad A complete translation & short explanation of the Holy Quran; the Book of our only Lord; ALLAH. Please subscribe to our channel And Press the bell Button. Also, like our videos and share them with family and friends..."
Hazrat Ibrahimؑ to Hazrat Isaؑ | سیرت النبیﷺ | 2,General Discourse,Civilizational History & Seerah,Prophetic Era (Seerah),2025-12-25,Thursday,3,29,2,0,6.9,17:38,https://i.ytimg.com/vi/xvoqrS-fH-k/hqdefault.jpg,https://youtube.com/watch?v=xvoqrS-fH-k,xvoqrS-fH-k,#muhammad #quran #seeratunnabi #jesus #isa
سیرت النبی صلی اللّٰہ علیہ وسلم۔ قیامِ حج کے سفر کی داستان,Standalone Keynotes,Civilizational History & Seerah,General Discussion,2025-06-07,Saturday,6,29,4,1,17.24,01:14:56,https://i.ytimg.com/vi/6louPZyrjOc/maxresdefault.jpg,https://youtube.com/watch?v=6louPZyrjOc,6louPZyrjOc,"#quran #ramazan #tarjuma #tarjumaequran #muhammad A complete translation & short explanation of the Holy Quran; the Book of our only Lord; ALLAH. Please subscribe to our channel And Press the bell Button. Also, like our videos and share them with family and friends..."
Intellectual crises of Nations,Standalone Keynotes,Socio-Spiritual Ethics & Family,Social & Family Ethics,2024-12-22,Sunday,4,29,5,0,17.24,01:07:16,https://i.ytimg.com/vi/rARnhGFwKW4/sddefault.jpg,https://youtube.com/watch?v=rARnhGFwKW4,rARnhGFwKW4,"#quran #ramazan #tarjuma #tarjumaequran #muhammad A complete translation & short explanation of the Holy Quran; the Book of our only Lord; ALLAH. Please subscribe to our channel And Press the bell Button. Also, like our videos and share them with family and friends..."
Struggle for just your own right or The Just Right ?,Standalone Keynotes,Socio-Spiritual Ethics & Family,Social & Family Ethics,2024-08-11,Sunday,7,29,3,0,10.34,17:27,https://i.ytimg.com/vi/fdizExz9PIE/maxresdefault.jpg,https://youtube.com/watch?v=fdizExz9PIE,fdizExz9PIE,"#quran #ramazan #tarjuma #tarjumaequran #muhammad A complete translation & short explanation of the Holy Quran; the Book of our only Lord; ALLAH. Please subscribe to our channel And Press the bell Button. Also, like our videos and share them with family and friends..."
26a. Ghzwat against yahood o mushrikeen. Alhashar Mumtahina,Standalone Keynotes,Constitutional Law & Statecraft,Amendments & Legal History,2024-04-06,Saturday,5,29,1,0,3.45,01:13:46,https://i.ytimg.com/vi/kXjNTysPag0/maxresdefault.jpg,https://youtube.com/watch?v=kXjNTysPag0,kXjNTysPag0,"#quran #ramazan #tarjuma #tarjumaequran #muhammad A complete translation & short explanation of the Holy Quran; the Book of our only Lord; ALLAH. Please subscribe to our channel And Press the bell Button. Also, like our videos and share them with family and friends..."
25a. Qaaf to Najm. Basic Makki Dawat.,Standalone Keynotes,Socio-Spiritual Ethics & Family,Social & Family Ethics,2024-04-05,Friday,5,29,3,0,10.34,01:08:49,https://i.ytimg.com/vi/O50iSjlyqbc/maxresdefault.jpg,https://youtube.com/watch?v=O50iSjlyqbc,O50iSjlyqbc,"#quran #ramazan #tarjuma #tarjumaequran #muhammad A complete translation & short explanation of the Holy Quran; the Book of our only Lord; ALLAH. Please subscribe to our channel And Press the bell Button. Also, like our videos and share them with family and friends..."
11b. Independence movement of Mosa A.S. Younus 2,Standalone Keynotes,Socio-Spiritual Ethics & Family,Social & Family Ethics,2024-03-22,Friday,5,29,2,0,6.9,53:35,https://i.ytimg.com/vi/r7_hYFQ63b0/maxresdefault.jpg,https://youtube.com/watch?v=r7_hYFQ63b0,r7_hYFQ63b0,"#quran #ramazan #tarjuma #tarjumaequran #muhammad A complete translation & short explanation of the Holy Quran; the Book of our only Lord; ALLAH. Please subscribe to our channel And Press the bell Button. Also, like our videos and share them with family and friends..."
4a. Sectarianism. Aal e imran 2,Standalone Keynotes,Socio-Spiritual Ethics & Family,Social & Family Ethics,2024-03-15,Friday,4,29,2,0,6.9,01:05:22,https://i.ytimg.com/vi/SVorOohIHHg/maxresdefault.jpg,https://youtube.com/watch?v=SVorOohIHHg,SVorOohIHHg,"#quran #ramazan #tarjuma #tarjumaequran #muhammad A complete translation & short explanation of the Holy Quran; the Book of our only Lord; ALLAH. Please subscribe to our channel And Press the bell Button. Also, like our videos and share them with family and friends... Please subscribe to our channel And Press the bell Button. Also, like our videos and share them with family and friends..."
75- Ahzaab R4-9/A28-73 | Dora Tarjuma Quran,Standalone Keynotes,Socio-Spiritual Ethics & Family,Social & Family Ethics,2024-02-21,Wednesday,5,29,4,0,13.79,58:28,https://i.ytimg.com/vi/dIz0EWH5oXA/maxresdefault.jpg,https://youtube.com/watch?v=dIz0EWH5oXA,dIz0EWH5oXA,"#quran #ramazan #tarjuma #tarjumaequran #muhammad A complete translation & short explanation of the Holy Quran; the Book of our only Lord; ALLAH. Please subscribe to our channel And Press the bell Button. Also, like our videos and share them with family and friends... Please subscribe to our channel And Press the bell Button. Also, like our videos and share them with family and friends..."
74- Ahzaab R1-3/A1-27 | Dora Tarjuma Quran,Standalone Keynotes,Socio-Spiritual Ethics & Family,Social & Family Ethics,2024-02-20,Tuesday,5,29,6,1,24.14,01:04:19,https://i.ytimg.com/vi/nJxSKk_HPeU/maxresdefault.jpg,https://youtube.com/watch?v=nJxSKk_HPeU,nJxSKk_HPeU,"#quran #ramazan #tarjuma #tarjumaequran #muhammad A complete translation & short explanation of the Holy Quran; the Book of our only Lord; ALLAH. Please subscribe to our channel And Press the bell Button. Also, like our videos and share them with family and friends... Please subscribe to our channel And Press the bell Button. Also, like our videos and share them with family and friends..."
Quranic Economic principles -4 | اسراف و تبذیر کی بجائے صدقہ و قرضہ دو,General Discourse,Socio-Spiritual Ethics & Family,Social & Family Ethics,2023-03-20,Monday,1,29,4,0,13.79,39:38,https://i.ytimg.com/vi/wSDvKrcehDk/maxresdefault.jpg,https://youtube.com/watch?v=wSDvKrcehDk,wSDvKrcehDk,"قرآن کی معاشی تعلیمات -4 | Special lecture series # 19. Please subscribe to our channel And Press the bell Button. Also, like our videos and share them with family and friends..."
48A. Sorat Hujurat Aayat 1-8 # Dora Quran 2025,Standalone Keynotes,Socio-Spiritual Ethics & Family,Social & Family Ethics,2025-03-25,Tuesday,12,28,3,0,10.71,49:34,https://i.ytimg.com/vi/gh0SL8aPM7o/maxresdefault.jpg,https://youtube.com/watch?v=gh0SL8aPM7o,gh0SL8aPM7o,"#quran #ramazan #tarjuma #tarjumaequran #muhammad A complete translation & short explanation of the Holy Quran; the Book of our only Lord; ALLAH. Please subscribe to our channel And Press the bell Button. Also, like our videos and share them with family and friends..."
حضرت موسٰیؑ کی تحریک آزادی,Standalone Keynotes,Socio-Spiritual Ethics & Family,Social & Family Ethics,2024-11-17,Sunday,4,28,4,0,14.29,01:00:41,https://i.ytimg.com/vi/7J0Jie2ZtvI/sddefault.jpg,https://youtube.com/watch?v=7J0Jie2ZtvI,7J0Jie2ZtvI,"#quran #ramazan #tarjuma #tarjumaequran #muhammad A complete translation & short explanation of the Holy Quran; the Book of our only Lord; ALLAH. Please subscribe to our channel And Press the bell Button. Also, like our videos and share them with family and friends..."
109- Qiama to Naziaat | Dora Tarjuma Quran,Standalone Keynotes,Socio-Spiritual Ethics & Family,Social & Family Ethics,2024-04-17,Wednesday,6,28,3,0,10.71,46:58,https://i.ytimg.com/vi/cs9FJSL3gaU/maxresdefault.jpg,https://youtube.com/watch?v=cs9FJSL3gaU,cs9FJSL3gaU,"#quran #ramazan #tarjuma #tarjumaequran #muhammad A complete translation & short explanation of the Holy Quran; the Book of our only Lord; ALLAH. Please subscribe to our channel And Press the bell Button. Also, like our videos and share them with family and friends..."
20b. Sorat Ahzab. Personal & Family life of Prophet ﷺ,Standalone Keynotes,Socio-Spiritual Ethics & Family,Social & Family Ethics,2024-03-31,Sunday,6,28,3,0,10.71,48:48,https://i.ytimg.com/vi/7Xkt1MpQz_M/maxresdefault.jpg,https://youtube.com/watch?v=7Xkt1MpQz_M,7Xkt1MpQz_M,"#quran #ramazan #tarjuma #tarjumaequran #muhammad A complete translation & short explanation of the Holy Quran; the Book of our only Lord; ALLAH. Please subscribe to our channel And Press the bell Button. Also, like our videos and share them with family and friends..."
19c. Room to Luqman. Wisdom of Quran,Standalone Keynotes,Socio-Spiritual Ethics & Family,Social & Family Ethics,2024-03-30,Saturday,7,28,5,0,17.86,52:10,https://i.ytimg.com/vi/MrSk1IvzbVs/maxresdefault.jpg,https://youtube.com/watch?v=MrSk1IvzbVs,MrSk1IvzbVs,"#quran #ramazan #tarjuma #tarjumaequran #muhammad A complete translation & short explanation of the Holy Quran; the Book of our only Lord; ALLAH. Please subscribe to our channel And Press the bell Button. Also, like our videos and share them with family and friends..."
17a. Noor 1. Chastity Privacy and adultry,Standalone Keynotes,Socio-Spiritual Ethics & Family,Social & Family Ethics,2024-03-28,Thursday,4,28,3,0,10.71,01:11:33,https://i.ytimg.com/vi/ZLpPdD3NHx0/maxresdefault.jpg,https://youtube.com/watch?v=ZLpPdD3NHx0,ZLpPdD3NHx0,"#quran #ramazan #tarjuma #tarjumaequran #muhammad A complete translation & short explanation of the Holy Quran; the Book of our only Lord; ALLAH. Please subscribe to our channel And Press the bell Button. Also, like our videos and share them with family and friends..."
انه لا يؤمر عليكم من ليس منكم.  you #politics. will not be enslaved #quran #khilafat,General Discourse,Civilizational History & Seerah,Empires & Caliphates,2024-02-07,Wednesday,18,28,13,1,50.0,01:01,https://i.ytimg.com/vi/Sh6TvTvWTAs/maxresdefault.jpg,https://youtube.com/watch?v=Sh6TvTvWTAs,Sh6TvTvWTAs,
46- Nahal R10-16/A71-128 | Dora Tarjuma Quran,Standalone Keynotes,Socio-Spiritual Ethics & Family,Social & Family Ethics,2023-11-30,Thursday,3,28,4,0,14.29,01:08:53,https://i.ytimg.com/vi/-qni4UAT8j4/maxresdefault.jpg,https://youtube.com/watch?v=-qni4UAT8j4,-qni4UAT8j4,"#quran #ramazan #tarjuma #tarjumaequran #muhammad A complete translation & short explanation of the Holy Quran; the Book of our only Lord; ALLAH. Please subscribe to our channel And Press the bell Button. Also, like our videos and share them with family and friends... Please subscribe to our channel And Press the bell Button. Also, like our videos and share them with family and friends..."
31- Anfaal R6-10/A45-75 | Dora Tarjuma Quran,Standalone Keynotes,Socio-Spiritual Ethics & Family,Social & Family Ethics,2023-10-13,Friday,2,28,6,1,25.0,30:07,https://i.ytimg.com/vi/3_UzILvXZSU/maxresdefault.jpg,https://youtube.com/watch?v=3_UzILvXZSU,3_UzILvXZSU,"#quran #ramazan #tarjuma #tarjumaequran #muhammad A complete translation & short explanation of the Holy Quran; the Book of our only Lord; ALLAH. Please subscribe to our channel And Press the bell Button. Also, like our videos and share them with family and friends... Please subscribe to our channel And Press the bell Button. Also, like our videos and share them with family and friends..."
Shahadat aur hum | شہادت اور ہم | Khutba e Jumma,Standalone Keynotes,Civilizational History & Seerah,Prophetic Era (Seerah),2023-07-31,Monday,17,28,2,0,7.14,27:08,https://i.ytimg.com/vi/RP08TaeVgYI/maxresdefault.jpg,https://youtube.com/watch?v=RP08TaeVgYI,RP08TaeVgYI,"28-07-2023 #quran #shahadat #muharram #karbala #hussain #abubakar #umar #usman #ali #khilafat #seerat #ramazan #tarjuma #tarjumaequran #muhammad A complete translation & short explanation of the Holy Quran; the Book of our only Lord; ALLAH. Please subscribe to our channel And Press the bell Button. Also, like our videos and share them with family and friends... Please subscribe to our channel And Press the bell Button. Also, like our videos and share them with family and friends..."
Quranic Arabic Learning,Standalone Keynotes,Socio-Spiritual Ethics & Family,Social & Family Ethics,2026-02-08,Sunday,5,27,0,0,0.0,01:27:41,https://i.ytimg.com/vi/DGPYfCUCXw8/maxresdefault.jpg,https://youtube.com/watch?v=DGPYfCUCXw8,DGPYfCUCXw8,"#quran #ramazan #tarjuma #tarjumaequran #muhammad A complete translation & short explanation of the Holy Quran; the Book of our only Lord; ALLAH. Please subscribe to our channel And Press the bell Button. Also, like our videos and share them with family and friends..."
55. Sorat Mulk to Sorat Nooh # Dora Quran 2025,Standalone Keynotes,Socio-Spiritual Ethics & Family,Social & Family Ethics,2025-03-28,Friday,7,27,5,0,18.52,46:10,https://i.ytimg.com/vi/4uZ2iX1At0Y/maxresdefault.jpg,https://youtube.com/watch?v=4uZ2iX1At0Y,4uZ2iX1At0Y,"#quran #ramazan #tarjuma #tarjumaequran #muhammad A complete translation & short explanation of the Holy Quran; the Book of our only Lord; ALLAH. Please subscribe to our channel And Press the bell Button. Also, like our videos and share them with family and friends..."
بنی اسرائیل کے مختلف طبقات کا مختلف ردعمل,Standalone Keynotes,Socio-Spiritual Ethics & Family,Social & Family Ethics,2024-11-10,Sunday,4,27,6,0,22.22,59:16,https://i.ytimg.com/vi/yYBFCjJIAEY/maxresdefault.jpg,https://youtube.com/watch?v=yYBFCjJIAEY,yYBFCjJIAEY,"#quran #ramazan #tarjuma #tarjumaequran #muhammad A complete translation & short explanation of the Holy Quran; the Book of our only Lord; ALLAH. Please subscribe to our channel And Press the bell Button. Also, like our videos and share them with family and friends..."
12b. The Best Story. Reward part. Yousuf 2,Standalone Keynotes,Socio-Spiritual Ethics & Family,Social & Family Ethics,2024-03-23,Saturday,6,27,2,0,7.41,01:02:46,https://i.ytimg.com/vi/yANHmYKQiPY/maxresdefault.jpg,https://youtube.com/watch?v=yANHmYKQiPY,yANHmYKQiPY,"#quran #ramazan #tarjuma #tarjumaequran #muhammad A complete translation & short explanation of the Holy Quran; the Book of our only Lord; ALLAH. Please subscribe to our channel And Press the bell Button. Also, like our videos and share them with family and friends..."
8b. Adam A.S and people in between Heaven & Hell. Araaf 1,Standalone Keynotes,Socio-Spiritual Ethics & Family,Social & Family Ethics,2024-03-19,Tuesday,5,27,4,1,18.52,52:43,https://i.ytimg.com/vi/m7eDZW_IFtk/maxresdefault.jpg,https://youtube.com/watch?v=m7eDZW_IFtk,m7eDZW_IFtk,"#quran #ramazan #tarjuma #tarjumaequran #muhammad A complete translation & short explanation of the Holy Quran; the Book of our only Lord; ALLAH. Please subscribe to our channel And Press the bell Button. Also, like our videos and share them with family and friends..."
8a. Quranic 10 commandments. Anaam 3,Standalone Keynotes,Socio-Spiritual Ethics & Family,Social & Family Ethics,2024-03-19,Tuesday,4,27,2,0,7.41,51:04,https://i.ytimg.com/vi/uyIRyXQEImA/maxresdefault.jpg,https://youtube.com/watch?v=uyIRyXQEImA,uyIRyXQEImA,"#quran #ramazan #tarjuma #tarjumaequran #muhammad A complete translation & short explanation of the Holy Quran; the Book of our only Lord; ALLAH. Please subscribe to our channel And Press the bell Button. Also, like our videos and share them with family and friends..."
54- Taha R6-8/A105-135 | Dora Tarjuma Quran,Standalone Keynotes,Socio-Spiritual Ethics & Family,Social & Family Ethics,2024-01-22,Monday,11,27,4,0,14.81,19:44,https://i.ytimg.com/vi/f0uWLWwffOw/maxresdefault.jpg,https://youtube.com/watch?v=f0uWLWwffOw,f0uWLWwffOw,"#quran #ramazan #tarjuma #tarjumaequran #muhammad A complete translation & short explanation of the Holy Quran; the Book of our only Lord; ALLAH. Please subscribe to our channel And Press the bell Button. Also, like our videos and share them with family and friends... Please subscribe to our channel And Press the bell Button. Also, like our videos and share them with family and friends..."
21- Anaam R4-8/A31-70 | Dora Tarjuma e Quran,Standalone Keynotes,Socio-Spiritual Ethics & Family,Social & Family Ethics,2023-08-22,Tuesday,10,27,2,0,7.41,43:32,https://i.ytimg.com/vi/MYk9sCjz-do/maxresdefault.jpg,https://youtube.com/watch?v=MYk9sCjz-do,MYk9sCjz-do,"#quran #ramazan #tarjuma #tarjumaequran #muhammad A complete translation & short explanation of the Holy Quran; the Book of our only Lord; ALLAH. Please subscribe to our channel And Press the bell Button. Also, like our videos and share them with family and friends... Please subscribe to our channel And Press the bell Button. Also, like our videos and share them with family and friends..."
Alhamdulillah; For being one of his students ,General Discourse,General Public Address,Unassigned Overview Topics,2026-06-09,Tuesday,10,26,3,0,11.54,02:00,https://i.ytimg.com/vi/ja6QWecVtYc/maxresdefault.jpg,https://youtube.com/watch?v=ja6QWecVtYc,ja6QWecVtYc,#nomanalikhan #drabdussamie
سیرت النبی صلی اللّٰہ علیہ وسلم۔ قیامِ حج کے سفر کی داستان,Standalone Keynotes,Civilizational History & Seerah,General Discussion,2025-06-01,Sunday,6,26,5,1,23.08,01:02:01,https://i.ytimg.com/vi/nq6Q_2FNzyw/maxresdefault.jpg,https://youtube.com/watch?v=nq6Q_2FNzyw,nq6Q_2FNzyw,"#quran #ramazan #tarjuma #tarjumaequran #muhammad A complete translation & short explanation of the Holy Quran; the Book of our only Lord; ALLAH. Please subscribe to our channel And Press the bell Button. Also, like our videos and share them with family and friends..."
ظالم اور مظلوم ، مجرمین اور مصلحین بھلا کبھی برابر ہو سکتے ہیں ۔۔۔؟,General Discourse,General Public Address,Unassigned Overview Topics,2025-03-23,Sunday,14,26,5,0,19.23,03:43,https://i.ytimg.com/vi/D4SsmTH0rco/maxresdefault.jpg,https://youtube.com/watch?v=D4SsmTH0rco,D4SsmTH0rco,ایمان بالآخرت کا منطقی استدلال ۔ ظالم اور مظلوم ، مجرمین اور مصلحین بھلا کبھی برابر ہو سکتے ہیں ۔۔۔؟
105- Mnafiqoon and Taghabn R4/A29 | Dora Tarjuma Quran,Standalone Keynotes,Socio-Spiritual Ethics & Family,Social & Family Ethics,2024-04-13,Saturday,12,26,3,0,11.54,39:22,https://i.ytimg.com/vi/fakaggCubZ8/maxresdefault.jpg,https://youtube.com/watch?v=fakaggCubZ8,fakaggCubZ8,"#quran #ramazan #tarjuma #tarjumaequran #muhammad A complete translation & short explanation of the Holy Quran; the Book of our only Lord; ALLAH. Please subscribe to our channel And Press the bell Button. Also, like our videos and share them with family and friends..."
80- Sura Al-zumar | Dora Tarjuma Quran,Standalone Keynotes,Socio-Spiritual Ethics & Family,Social & Family Ethics,2024-02-28,Wednesday,2,26,5,0,19.23,01:04:54,https://i.ytimg.com/vi/OnVtMFl3--A/maxresdefault.jpg,https://youtube.com/watch?v=OnVtMFl3--A,OnVtMFl3--A,"#quran #ramazan #tarjuma #tarjumaequran #muhammad A complete translation & short explanation of the Holy Quran; the Book of our only Lord; ALLAH. Please subscribe to our channel And Press the bell Button. Also, like our videos and share them with family and friends... Please subscribe to our channel And Press the bell Button. Also, like our videos and share them with family and friends..."
58- Mominoon complete | Dora Tarjuma Quran,Standalone Keynotes,Socio-Spiritual Ethics & Family,Social & Family Ethics,2024-01-28,Sunday,5,26,6,0,23.08,35:08,https://i.ytimg.com/vi/T5IYio46qS8/maxresdefault.jpg,https://youtube.com/watch?v=T5IYio46qS8,T5IYio46qS8,"#quran #ramazan #tarjuma #tarjumaequran #muhammad A complete translation & short explanation of the Holy Quran; the Book of our only Lord; ALLAH. Please subscribe to our channel And Press the bell Button. Also, like our videos and share them with family and friends... Please subscribe to our channel And Press the bell Button. Also, like our videos and share them with family and friends..."
45- Nahal R1-9/A1-70 | Dora Tarjuma Quran,Standalone Keynotes,Socio-Spiritual Ethics & Family,Social & Family Ethics,2023-11-29,Wednesday,14,26,2,0,7.69,31:34,https://i.ytimg.com/vi/H7LtnFLMoZk/maxresdefault.jpg,https://youtube.com/watch?v=H7LtnFLMoZk,H7LtnFLMoZk,"#quran #ramazan #tarjuma #tarjumaequran #muhammad A complete translation & short explanation of the Holy Quran; the Book of our only Lord; ALLAH. Please subscribe to our channel And Press the bell Button. Also, like our videos and share them with family and friends... Please subscribe to our channel And Press the bell Button. Also, like our videos and share them with family and friends..."
53. Sorat Mumtahina 7 to Munafiqon end # Dora Quran 2025,Standalone Keynotes,Socio-Spiritual Ethics & Family,Social & Family Ethics,2025-03-27,Thursday,8,25,3,0,12.0,01:34:17,https://i.ytimg.com/vi/4N7SYWqavvY/maxresdefault.jpg,https://youtube.com/watch?v=4N7SYWqavvY,4N7SYWqavvY,"#quran #ramazan #tarjuma #tarjumaequran #muhammad A complete translation & short explanation of the Holy Quran; the Book of our only Lord; ALLAH. Please subscribe to our channel And Press the bell Button. Also, like our videos and share them with family and friends..."
44A. Sorat Momin aayat 14 # Dora Quran 2025,Standalone Keynotes,Socio-Spiritual Ethics & Family,Social & Family Ethics,2025-03-22,Saturday,17,25,2,0,8.0,24:51,https://i.ytimg.com/vi/XHsNVSPZ-Dc/maxresdefault.jpg,https://youtube.com/watch?v=XHsNVSPZ-Dc,XHsNVSPZ-Dc,"#quran #ramazan #tarjuma #tarjumaequran #muhammad A complete translation & short explanation of the Holy Quran; the Book of our only Lord; ALLAH. Please subscribe to our channel And Press the bell Button. Also, like our videos and share them with family and friends..."
Ramazan 2025,General Discourse,General Public Address,Unassigned Overview Topics,2025-02-27,Thursday,16,25,2,0,8.0,00:51,https://i.ytimg.com/vi/Qj6qWqbLzDk/maxresdefault.jpg,https://youtube.com/watch?v=Qj6qWqbLzDk,Qj6qWqbLzDk,Join us live daily https://maps.app.goo.gl/C1sUxGP6CdipKKFRA Google location
Love & Follow Prophet ﷺ,Standalone Keynotes,Civilizational History & Seerah,Prophetic Era (Seerah),2024-12-29,Sunday,4,25,3,1,16.0,01:03:01,https://i.ytimg.com/vi/4eFKEPH8dzU/maxresdefault.jpg,https://youtube.com/watch?v=4eFKEPH8dzU,4eFKEPH8dzU,"#quran #ramazan #tarjuma #tarjumaequran #muhammad A complete translation & short explanation of the Holy Quran; the Book of our only Lord; ALLAH. Please subscribe to our channel And Press the bell Button. Also, like our videos and share them with family and friends..."
حضرت موسٰیؑ کی تحریک آزادی,Standalone Keynotes,Socio-Spiritual Ethics & Family,Social & Family Ethics,2024-11-03,Sunday,4,25,5,0,20.0,01:06:31,https://i.ytimg.com/vi/H7cb-37km_k/sddefault.jpg,https://youtube.com/watch?v=H7cb-37km_k,H7cb-37km_k,"#quran #ramazan #tarjuma #tarjumaequran #muhammad A complete translation & short explanation of the Holy Quran; the Book of our only Lord; ALLAH. Please subscribe to our channel And Press the bell Button. Also, like our videos and share them with family and friends..."
113- Qadar to Takasur | Dora Tarjuma Quran,Standalone Keynotes,Socio-Spiritual Ethics & Family,Social & Family Ethics,2024-04-23,Tuesday,17,25,3,0,12.0,36:14,https://i.ytimg.com/vi/krjrHyGEA0Y/maxresdefault.jpg,https://youtube.com/watch?v=krjrHyGEA0Y,krjrHyGEA0Y,"#quran #ramazan #tarjuma #tarjumaequran #muhammad A complete translation & short explanation of the Holy Quran; the Book of our only Lord; ALLAH. Please subscribe to our channel And Press the bell Button. Also, like our videos and share them with family and friends..."
18b. Sorat Naml. Foreign policy of Khilafat,Standalone Keynotes,Islamic Political Systems,Jurisprudence & Policy,2024-03-29,Friday,6,25,2,0,8.0,55:01,https://i.ytimg.com/vi/voeD-zBJnNU/maxresdefault.jpg,https://youtube.com/watch?v=voeD-zBJnNU,voeD-zBJnNU,"#quran #ramazan #tarjuma #tarjumaequran #muhammad A complete translation & short explanation of the Holy Quran; the Book of our only Lord; ALLAH. Please subscribe to our channel And Press the bell Button. Also, like our videos and share them with family and friends..."
14a. Bani Israeel. History and Sharia,Standalone Keynotes,Civilizational History & Seerah,General Discussion,2024-03-25,Monday,13,25,2,0,8.0,01:05:11,https://i.ytimg.com/vi/pEQKD_nX2PQ/maxresdefault.jpg,https://youtube.com/watch?v=pEQKD_nX2PQ,pEQKD_nX2PQ,"#quran #ramazan #tarjuma #tarjumaequran #muhammad A complete translation & short explanation of the Holy Quran; the Book of our only Lord; ALLAH. Please subscribe to our channel And Press the bell Button. Also, like our videos and share them with family and friends..."
13b. Creation of Man. Sorat Hijr,Standalone Keynotes,Socio-Spiritual Ethics & Family,Social & Family Ethics,2024-03-24,Sunday,5,25,0,0,0.0,48:14,https://i.ytimg.com/vi/maOxnTXnlFc/maxresdefault.jpg,https://youtube.com/watch?v=maOxnTXnlFc,maOxnTXnlFc,"#quran #ramazan #tarjuma #tarjumaequran #muhammad A complete translation & short explanation of the Holy Quran; the Book of our only Lord; ALLAH. Please subscribe to our channel And Press the bell Button. Also, like our videos and share them with family and friends..."
4c. Synthesis of Iman. Aal e Imran 4,Standalone Keynotes,Socio-Spiritual Ethics & Family,Social & Family Ethics,2024-03-15,Friday,7,25,5,0,20.0,55:31,https://i.ytimg.com/vi/PO02eJ1APlg/maxresdefault.jpg,https://youtube.com/watch?v=PO02eJ1APlg,PO02eJ1APlg,"#quran #ramazan #tarjuma #tarjumaequran #muhammad A complete translation & short explanation of the Holy Quran; the Book of our only Lord; ALLAH. Please subscribe to our channel And Press the bell Button. Also, like our videos and share them with family and friends... Please subscribe to our channel And Press the bell Button. Also, like our videos and share them with family and friends..."
61- Noor R5-6/A35-50 | Dora Tarjuma Quran,Standalone Keynotes,Socio-Spiritual Ethics & Family,Social & Family Ethics,2024-02-01,Thursday,4,25,4,0,16.0,36:30,https://i.ytimg.com/vi/BtevzsBCrtQ/maxresdefault.jpg,https://youtube.com/watch?v=BtevzsBCrtQ,BtevzsBCrtQ,"#quran #ramazan #tarjuma #tarjumaequran #muhammad A complete translation & short explanation of the Holy Quran; the Book of our only Lord; ALLAH. Please subscribe to our channel And Press the bell Button. Also, like our videos and share them with family and friends... Please subscribe to our channel And Press the bell Button. Also, like our videos and share them with family and friends..."
39- Hood R7-10/A69-123 | Dora Tarjuma Quran,Standalone Keynotes,Socio-Spiritual Ethics & Family,Social & Family Ethics,2023-11-16,Thursday,4,25,8,2,40.0,43:55,https://i.ytimg.com/vi/BKCNxTBdekg/maxresdefault.jpg,https://youtube.com/watch?v=BKCNxTBdekg,BKCNxTBdekg,"#quran #ramazan #tarjuma #tarjumaequran #muhammad A complete translation & short explanation of the Holy Quran; the Book of our only Lord; ALLAH. Please subscribe to our channel And Press the bell Button. Also, like our videos and share them with family and friends... Please subscribe to our channel And Press the bell Button. Also, like our videos and share them with family and friends..."
17- Maida R1-4/A1-26 | Dora Tarjuma Quran,Standalone Keynotes,Socio-Spiritual Ethics & Family,Social & Family Ethics,2023-07-17,Monday,5,25,5,0,20.0,47:20,https://i.ytimg.com/vi/WK3UBBNUJYo/maxresdefault.jpg,https://youtube.com/watch?v=WK3UBBNUJYo,WK3UBBNUJYo,"#quran #ramazan #tarjuma #tarjumaequran #muhammad A complete translation & short explanation of the Holy Quran; the Book of our only Lord; ALLAH. Please subscribe to our channel And Press the bell Button. Also, like our videos and share them with family and friends... Please subscribe to our channel And Press the bell Button. Also, like our videos and share them with family and friends..."
Ramazan is coming,Standalone Keynotes,General Public Address,Unassigned Overview Topics,2023-03-17,Friday,1,25,4,0,16.0,00:29,https://i.ytimg.com/vi/JZL1QPtVMBM/maxresdefault.jpg,https://youtube.com/watch?v=JZL1QPtVMBM,JZL1QPtVMBM,#muhammad #quran #ramazan #ramadan #رمضان #قرآن #دورہ_تفسیر #دورہ #ترجمہ_قرآن #tarjuma
سیرت النبی صلی اللّٰہ علیہ وسلم۔ قیامِ حج کے سفر کی داستان,Standalone Keynotes,Civilizational History & Seerah,General Discussion,2025-06-04,Wednesday,6,24,3,0,12.5,01:15:56,https://i.ytimg.com/vi/jnu8QE7Q1sc/maxresdefault.jpg,https://youtube.com/watch?v=jnu8QE7Q1sc,jnu8QE7Q1sc,"#quran #ramazan #tarjuma #tarjumaequran #muhammad A complete translation & short explanation of the Holy Quran; the Book of our only Lord; ALLAH. Please subscribe to our channel And Press the bell Button. Also, like our videos and share them with family and friends..."
"25c. Human Life, Allah's Book & Justice.  Hadeed and Muhadla",Standalone Keynotes,Socio-Spiritual Ethics & Family,Social & Family Ethics,2024-04-05,Friday,8,24,0,0,0.0,47:07,https://i.ytimg.com/vi/p2UvF-VGMrU/maxresdefault.jpg,https://youtube.com/watch?v=p2UvF-VGMrU,p2UvF-VGMrU,"#quran #ramazan #tarjuma #tarjumaequran #muhammad A complete translation & short explanation of the Holy Quran; the Book of our only Lord; ALLAH. Please subscribe to our channel And Press the bell Button. Also, like our videos and share them with family and friends..."
22b. Sora Momin. Speech in Firon's Parliament,Standalone Keynotes,Socio-Spiritual Ethics & Family,Social & Family Ethics,2024-04-02,Tuesday,5,24,2,0,8.33,47:13,https://i.ytimg.com/vi/R1LrsO-T96E/maxresdefault.jpg,https://youtube.com/watch?v=R1LrsO-T96E,R1LrsO-T96E,"#quran #ramazan #tarjuma #tarjumaequran #muhammad A complete translation & short explanation of the Holy Quran; the Book of our only Lord; ALLAH. Please subscribe to our channel And Press the bell Button. Also, like our videos and share them with family and friends..."
70- Ankaboot R3-7/A23-69 | Dora Tarjuma Quran,Standalone Keynotes,Socio-Spiritual Ethics & Family,Social & Family Ethics,2024-02-17,Saturday,2,24,8,0,33.33,41:38,https://i.ytimg.com/vi/dX4JjaOLMqY/maxresdefault.jpg,https://youtube.com/watch?v=dX4JjaOLMqY,dX4JjaOLMqY,"#quran #ramazan #tarjuma #tarjumaequran #muhammad A complete translation & short explanation of the Holy Quran; the Book of our only Lord; ALLAH. Please subscribe to our channel And Press the bell Button. Also, like our videos and share them with family and friends... Please subscribe to our channel And Press the bell Button. Also, like our videos and share them with family and friends..."
63- Furqan Complete | Dora Tarjuma Quran,Standalone Keynotes,Socio-Spiritual Ethics & Family,Social & Family Ethics,2024-02-06,Tuesday,7,24,5,0,20.83,49:39,https://i.ytimg.com/vi/5MZs5rNBLVM/maxresdefault.jpg,https://youtube.com/watch?v=5MZs5rNBLVM,5MZs5rNBLVM,"#quran #ramazan #tarjuma #tarjumaequran #muhammad A complete translation & short explanation of the Holy Quran; the Book of our only Lord; ALLAH. Please subscribe to our channel And Press the bell Button. Also, like our videos and share them with family and friends... Please subscribe to our channel And Press the bell Button. Also, like our videos and share them with family and friends..."
53- Taha R1-5/A1-104 | Dora Tarjuma Quran,Standalone Keynotes,Socio-Spiritual Ethics & Family,Social & Family Ethics,2024-01-19,Friday,5,24,2,0,8.33,46:35,https://i.ytimg.com/vi/kuBRUI8j1Co/maxresdefault.jpg,https://youtube.com/watch?v=kuBRUI8j1Co,kuBRUI8j1Co,"#quran #ramazan #tarjuma #tarjumaequran #muhammad A complete translation & short explanation of the Holy Quran; the Book of our only Lord; ALLAH. Please subscribe to our channel And Press the bell Button. Also, like our videos and share them with family and friends... Please subscribe to our channel And Press the bell Button. Also, like our videos and share them with family and friends..."
22- Anaam R9-13/A71-110 | Dora Tarjuma Quran,Standalone Keynotes,Socio-Spiritual Ethics & Family,Social & Family Ethics,2023-08-28,Monday,3,24,6,0,25.0,37:30,https://i.ytimg.com/vi/PZetjtPtHrg/maxresdefault.jpg,https://youtube.com/watch?v=PZetjtPtHrg,PZetjtPtHrg,"#quran #ramazan #tarjuma #tarjumaequran #muhammad A complete translation & short explanation of the Holy Quran; the Book of our only Lord; ALLAH. Please subscribe to our channel And Press the bell Button. Also, like our videos and share them with family and friends.."
18- Maida R5-9/A27-66 | Dora Tarjuma Quran,Standalone Keynotes,Socio-Spiritual Ethics & Family,Social & Family Ethics,2023-07-26,Wednesday,9,24,1,0,4.17,53:03,https://i.ytimg.com/vi/9_0-7S-biiE/maxresdefault.jpg,https://youtube.com/watch?v=9_0-7S-biiE,9_0-7S-biiE,"#quran #ramazan #tarjuma #tarjumaequran #muhammad A complete translation & short explanation of the Holy Quran; the Book of our only Lord; ALLAH. Please subscribe to our channel And Press the bell Button. Also, like our videos and share them with family and friends... Please subscribe to our channel And Press the bell Button. Also, like our videos and share them with family and friends..."
4/14 Quranic Arabic Learning,Standalone Keynotes,Socio-Spiritual Ethics & Family,Social & Family Ethics,2026-01-26,Monday,5,23,2,0,8.7,01:38:20,https://i.ytimg.com/vi/TaO8_Qun9Vk/maxresdefault.jpg,https://youtube.com/watch?v=TaO8_Qun9Vk,TaO8_Qun9Vk,"#quran #ramazan #tarjuma #tarjumaequran #muhammad A complete translation & short explanation of the Holy Quran; the Book of our only Lord; ALLAH. Please subscribe to our channel And Press the bell Button. Also, like our videos and share them with family and friends..."
22c. Hamim Sajda. Toheed ki Dawat,Standalone Keynotes,Socio-Spiritual Ethics & Family,Social & Family Ethics,2024-04-02,Tuesday,7,23,2,0,8.7,57:06,https://i.ytimg.com/vi/kjh4hbDBYfg/maxresdefault.jpg,https://youtube.com/watch?v=kjh4hbDBYfg,kjh4hbDBYfg,"#quran #ramazan #tarjuma #tarjumaequran #muhammad A complete translation & short explanation of the Holy Quran; the Book of our only Lord; ALLAH. Please subscribe to our channel And Press the bell Button. Also, like our videos and share them with family and friends..."
86- Sura Zukhruf (Complete) R1-7 A1-89 | Dora Tarjuma Quran,Standalone Keynotes,Socio-Spiritual Ethics & Family,Social & Family Ethics,2024-03-07,Thursday,2,23,2,0,8.7,24:23,https://i.ytimg.com/vi/HdpT6wup85M/maxresdefault.jpg,https://youtube.com/watch?v=HdpT6wup85M,HdpT6wup85M,"#quran #ramazan #tarjuma #tarjumaequran #muhammad A complete translation & short explanation of the Holy Quran; the Book of our only Lord; ALLAH. Please subscribe to our channel And Press the bell Button. Also, like our videos and share them with family and friends... Please subscribe to our channel And Press the bell Button. Also, like our videos and share them with family and friends..."
101- Hashar R3/A24 | Dora Tarjuma Quran,Standalone Keynotes,Socio-Spiritual Ethics & Family,Social & Family Ethics,2024-04-09,Tuesday,18,22,3,0,13.64,43:22,https://i.ytimg.com/vi/-2SQYdbKWeo/maxresdefault.jpg,https://youtube.com/watch?v=-2SQYdbKWeo,-2SQYdbKWeo,"#quran #ramazan #tarjuma #tarjumaequran #muhammad A complete translation & short explanation of the Holy Quran; the Book of our only Lord; ALLAH. Please subscribe to our channel And Press the bell Button. Also, like our videos and share them with family and friends..."
81- Sura Al-Momin R1-5/A1-50 | Dora Tarjuma Quran,Standalone Keynotes,Socio-Spiritual Ethics & Family,Social & Family Ethics,2024-02-29,Thursday,4,22,6,0,27.27,30:55,https://i.ytimg.com/vi/9pfQYQ_mLis/maxresdefault.jpg,https://youtube.com/watch?v=9pfQYQ_mLis,9pfQYQ_mLis,"#quran #ramazan #tarjuma #tarjumaequran #muhammad A complete translation & short explanation of the Holy Quran; the Book of our only Lord; ALLAH. Please subscribe to our channel And Press the bell Button. Also, like our videos and share them with family and friends... Please subscribe to our channel And Press the bell Button. Also, like our videos and share them with family and friends..."
25- Araaf R1-4/A1-39 | Dora Tarjuma Quran,Standalone Keynotes,Socio-Spiritual Ethics & Family,Social & Family Ethics,2023-09-17,Sunday,1,22,5,0,22.73,31:17,https://i.ytimg.com/vi/29WQ0S1AxQE/maxresdefault.jpg,https://youtube.com/watch?v=29WQ0S1AxQE,29WQ0S1AxQE,"#quran #ramazan #tarjuma #tarjumaequran #muhammad A complete translation & short explanation of the Holy Quran; the Book of our only Lord; ALLAH. Please subscribe to our channel And Press the bell Button. Also, like our videos and share them with family and friends..."
ڈاکٹر اسرار احمد رحمہ اللہ علیہ۔ دادا استاد سے ملاقات کی بہترین منظر کشی 🥰,General Discourse,General Public Address,Unassigned Overview Topics,2025-09-10,Wednesday,4,21,3,0,14.29,04:00,https://i.ytimg.com/vi/E5mLZqyAka4/maxresdefault.jpg,https://youtube.com/watch?v=E5mLZqyAka4,E5mLZqyAka4,@bayyinah #noumanalikhan #drisrarahmed @DrIsrarAhmed_Official
بنی اسرائیل آیت 16۔ قوم پر بدمست لٹیروں کی حکمرانی,General Discourse,Constitutional Law & Statecraft,General Discussion,2025-03-15,Saturday,14,21,3,0,14.29,05:50,https://i.ytimg.com/vi/3io4jiKYUQ4/maxresdefault.jpg,https://youtube.com/watch?v=3io4jiKYUQ4,3io4jiKYUQ4,قوم جب خود مختاری کیلئے فقر پر قناعت سے انکاری ہو جائے اور غلامی پر رضامند ہو جائے ، عدل کے علمبرداروں پر ظلم کرنے لگے ، اللہ کو گواہ بنا کر کئے ہوئے عہد و پیمان اور آئین سے روگردانی اختیار کرے ، باہمی گروہ ایک دوسرے کے حقوق غصب کرنے لگیں تو مفاد پرست ، قومی خزانے کے لٹیرے ، اپنی دولت کیلئے قومی وسائل جھونکنے والے اور بدعہد عہدیدار باہم گٹھ جوڑ سے حاکم بن بیٹھتے ہیں
84- Hameem Sajda R4-5 & Shuraa R1-3 | Dora Tarjuma Quran,Standalone Keynotes,Socio-Spiritual Ethics & Family,Social & Family Ethics,2024-03-05,Tuesday,12,21,2,0,9.52,01:00:15,https://i.ytimg.com/vi/QJQRtx6ziwA/maxresdefault.jpg,https://youtube.com/watch?v=QJQRtx6ziwA,QJQRtx6ziwA,"#quran #ramazan #tarjuma #tarjumaequran #muhammad A complete translation & short explanation of the Holy Quran; the Book of our only Lord; ALLAH. Please subscribe to our channel And Press the bell Button. Also, like our videos and share them with family and friends... Please subscribe to our channel And Press the bell Button. Also, like our videos and share them with family and friends..."
83- Haa Meem Sajdah R1-4/A1-38 | Dora Tarjuma Quran,Standalone Keynotes,Socio-Spiritual Ethics & Family,Social & Family Ethics,2024-03-03,Sunday,5,21,3,0,14.29,59:24,https://i.ytimg.com/vi/NyEbfCeilvA/maxresdefault.jpg,https://youtube.com/watch?v=NyEbfCeilvA,NyEbfCeilvA,"#quran #ramazan #tarjuma #tarjumaequran #muhammad A complete translation & short explanation of the Holy Quran; the Book of our only Lord; ALLAH. Please subscribe to our channel And Press the bell Button. Also, like our videos and share them with family and friends... Please subscribe to our channel And Press the bell Button. Also, like our videos and share them with family and friends..."
68- Qasas R5-9/A43-88 | Dora tarjuma Quran,Standalone Keynotes,Socio-Spiritual Ethics & Family,Social & Family Ethics,2024-02-15,Thursday,4,21,4,0,19.05,26:01,https://i.ytimg.com/vi/cfX78c8uStc/maxresdefault.jpg,https://youtube.com/watch?v=cfX78c8uStc,cfX78c8uStc,"#quran #ramazan #tarjuma #tarjumaequran #muhammad A complete translation & short explanation of the Holy Quran; the Book of our only Lord; ALLAH. Please subscribe to our channel And Press the bell Button. Also, like our videos and share them with family and friends... Please subscribe to our channel And Press the bell Button. Also, like our videos and share them with family and friends..."
48 - Bani Israel R5-12/A41-111 | Dora Tarjuma Quran,Standalone Keynotes,Socio-Spiritual Ethics & Family,Social & Family Ethics,2023-12-09,Saturday,1,21,5,3,38.1,39:02,https://i.ytimg.com/vi/96K5bdKA9OU/maxresdefault.jpg,https://youtube.com/watch?v=96K5bdKA9OU,96K5bdKA9OU,"#quran #ramazan #tarjuma #tarjumaequran #muhammad A complete translation & short explanation of the Holy Quran; the Book of our only Lord; ALLAH. Please subscribe to our channel And Press the bell Button. Also, like our videos and share them with family and friends... Please subscribe to our channel And Press the bell Button. Also, like our videos and share them with family and friends..."
37- Yunus R6-11/A54-109 | Dora Tarjuma Quran,Standalone Keynotes,Socio-Spiritual Ethics & Family,Social & Family Ethics,2023-11-06,Monday,6,21,6,0,28.57,38:44,https://i.ytimg.com/vi/Y_-wYvuhHVk/maxresdefault.jpg,https://youtube.com/watch?v=Y_-wYvuhHVk,Y_-wYvuhHVk,"#quran #ramazan #tarjuma #tarjumaequran #muhammad A complete translation & short explanation of the Holy Quran; the Book of our only Lord; ALLAH. Please subscribe to our channel And Press the bell Button. Also, like our videos and share them with family and friends... Please subscribe to our channel And Press the bell Button. Also, like our videos and share them with family and friends..."
16- Nisaa R20-24/A135-176 | Dora Tarjuma Quran,Standalone Keynotes,Socio-Spiritual Ethics & Family,Social & Family Ethics,2023-07-10,Monday,5,21,5,0,23.81,47:26,https://i.ytimg.com/vi/oCExldWm4ZA/maxresdefault.jpg,https://youtube.com/watch?v=oCExldWm4ZA,oCExldWm4ZA,"#quran #ramazan #tarjuma #tarjumaequran #muhammad A complete translation & short explanation of the Holy Quran; the Book of our only Lord; ALLAH. Please subscribe to our channel And Press the bell Button. Also, like our videos and share them with family and friends... Please subscribe to our channel And Press the bell Button. Also, like our videos and share them with family and friends..."
سیرت النبی صلی اللّٰہ علیہ وسلم۔ قیامِ حج کے سفر کی داستان,Standalone Keynotes,Civilizational History & Seerah,General Discussion,2025-06-05,Thursday,6,20,3,0,15.0,59:55,https://i.ytimg.com/vi/tZrV6eFj0ck/maxresdefault.jpg,https://youtube.com/watch?v=tZrV6eFj0ck,tZrV6eFj0ck,"#quran #ramazan #tarjuma #tarjumaequran #muhammad A complete translation & short explanation of the Holy Quran; the Book of our only Lord; ALLAH. Please subscribe to our channel And Press the bell Button. Also, like our videos and share them with family and friends..."
Excell to excellence for Allah and his creation.,General Discourse,Civilizational History & Seerah,Prophetic Era (Seerah),2024-04-07,Sunday,7,20,3,0,15.0,00:31,https://i.ytimg.com/vi/PDddjOOaaEs/sddefault.jpg,https://youtube.com/watch?v=PDddjOOaaEs,PDddjOOaaEs,#muhammad #history #seerat #sahaba #sahabiyat #medical #medicine
Hazrat Adamؑ to Ibrahimؑ | سیرت النبیﷺ,General Discourse,Civilizational History & Seerah,General Discussion,2025-12-24,Wednesday,5,19,2,0,10.53,17:43,https://i.ytimg.com/vi/Bqox5ZOPcro/hqdefault.jpg,https://youtube.com/watch?v=Bqox5ZOPcro,Bqox5ZOPcro,
18a. Sorat Shuaraa. Rythem of Quran,Standalone Keynotes,Socio-Spiritual Ethics & Family,Social & Family Ethics,2024-03-29,Friday,4,19,1,0,5.26,01:07:05,https://i.ytimg.com/vi/ADqvQJopPcg/maxresdefault.jpg,https://youtube.com/watch?v=ADqvQJopPcg,ADqvQJopPcg,"#quran #ramazan #tarjuma #tarjumaequran #muhammad A complete translation & short explanation of the Holy Quran; the Book of our only Lord; ALLAH. Please subscribe to our channel And Press the bell Button. Also, like our videos and share them with family and friends..."
16b. Hajj. Duties of Momin. Seerat,Standalone Keynotes,Civilizational History & Seerah,Prophetic Era (Seerah),2024-03-27,Wednesday,5,19,2,0,10.53,56:30,https://i.ytimg.com/vi/grGElLa5IUs/maxresdefault.jpg,https://youtube.com/watch?v=grGElLa5IUs,grGElLa5IUs,"#quran #ramazan #tarjuma #tarjumaequran #muhammad A complete translation & short explanation of the Holy Quran; the Book of our only Lord; ALLAH. Please subscribe to our channel And Press the bell Button. Also, like our videos and share them with family and friends..."
عہد کی پاسداری ۔ مسلمہ و متفقہ اصولوں اور آئین کی پاسداری۔ اور ہمارے قومی کرتوت,General Discourse,Constitutional Law & Statecraft,General Discussion,2025-03-14,Friday,15,18,2,0,11.11,10:06,https://i.ytimg.com/vi/Hf9mNe3K9XA/maxresdefault.jpg,https://youtube.com/watch?v=Hf9mNe3K9XA,Hf9mNe3K9XA,
104- Jumma R2/A11 | Dora Tarjuma Quran,Standalone Keynotes,Socio-Spiritual Ethics & Family,Social & Family Ethics,2024-04-12,Friday,7,18,2,0,11.11,33:05,https://i.ytimg.com/vi/mJuCVWcytog/maxresdefault.jpg,https://youtube.com/watch?v=mJuCVWcytog,mJuCVWcytog,"#quran #ramazan #tarjuma #tarjumaequran #muhammad A complete translation & short explanation of the Holy Quran; the Book of our only Lord; ALLAH. Please subscribe to our channel And Press the bell Button. Also, like our videos and share them with family and friends..."
24b. The Victory. Hudabia pact. Sora Fatah,Standalone Keynotes,Socio-Spiritual Ethics & Family,Social & Family Ethics,2024-04-04,Thursday,7,18,3,0,16.67,53:21,https://i.ytimg.com/vi/8Xfiu9MWqrM/maxresdefault.jpg,https://youtube.com/watch?v=8Xfiu9MWqrM,8Xfiu9MWqrM,"#quran #ramazan #tarjuma #tarjumaequran #muhammad A complete translation & short explanation of the Holy Quran; the Book of our only Lord; ALLAH. Please subscribe to our channel And Press the bell Button. Also, like our videos and share them with family and friends..."
12c. Miracles of Universe. Sorat Raad,Standalone Keynotes,Socio-Spiritual Ethics & Family,Social & Family Ethics,2024-03-23,Saturday,7,18,2,0,11.11,38:16,https://i.ytimg.com/vi/iHoCQv4Mu5M/maxresdefault.jpg,https://youtube.com/watch?v=iHoCQv4Mu5M,iHoCQv4Mu5M,"#quran #ramazan #tarjuma #tarjumaequran #muhammad A complete translation & short explanation of the Holy Quran; the Book of our only Lord; ALLAH. Please subscribe to our channel And Press the bell Button. Also, like our videos and share them with family and friends..."
48B. Sorat Hujurat Ayat 9-18,Standalone Keynotes,Socio-Spiritual Ethics & Family,Social & Family Ethics,2025-03-25,Tuesday,13,17,1,0,5.88,46:54,https://i.ytimg.com/vi/6onIyls_AYs/maxresdefault.jpg,https://youtube.com/watch?v=6onIyls_AYs,6onIyls_AYs,"#quran #ramazan #tarjuma #tarjumaequran #muhammad A complete translation & short explanation of the Holy Quran; the Book of our only Lord; ALLAH. Please subscribe to our channel And Press the bell Button. Also, like our videos and share them with family and friends..."
106- Talaq and Tahreem R4/A24 | Dora Tarjuma Quran,Standalone Keynotes,Socio-Spiritual Ethics & Family,Social & Family Ethics,2024-04-14,Sunday,4,17,2,0,11.76,36:23,https://i.ytimg.com/vi/h0fA3zq_Dm4/maxresdefault.jpg,https://youtube.com/watch?v=h0fA3zq_Dm4,h0fA3zq_Dm4,"#quran #ramazan #tarjuma #tarjumaequran #muhammad A complete translation & short explanation of the Holy Quran; the Book of our only Lord; ALLAH. Please subscribe to our channel And Press the bell Button. Also, like our videos and share them with family and friends..."
27c. Mursalat to Inshiqaq. Judgment day descriptions.,Standalone Keynotes,Socio-Spiritual Ethics & Family,Social & Family Ethics,2024-04-07,Sunday,8,17,2,0,11.76,38:33,https://i.ytimg.com/vi/mKIWLP9Gu84/maxresdefault.jpg,https://youtube.com/watch?v=mKIWLP9Gu84,mKIWLP9Gu84,"#quran #ramazan #tarjuma #tarjumaequran #muhammad A complete translation & short explanation of the Holy Quran; the Book of our only Lord; ALLAH. Please subscribe to our channel And Press the bell Button. Also, like our videos and share them with family and friends..."
19b. Ankbot to Room. International politics,Standalone Keynotes,Socio-Spiritual Ethics & Family,Social & Family Ethics,2024-03-30,Saturday,6,17,2,0,11.76,01:18:40,https://i.ytimg.com/vi/ngnJfimPqo0/maxresdefault.jpg,https://youtube.com/watch?v=ngnJfimPqo0,ngnJfimPqo0,"#quran #ramazan #tarjuma #tarjumaequran #muhammad A complete translation & short explanation of the Holy Quran; the Book of our only Lord; ALLAH. Please subscribe to our channel And Press the bell Button. Also, like our videos and share them with family and friends..."
15a. Maryam.,Standalone Keynotes,Socio-Spiritual Ethics & Family,Social & Family Ethics,2024-03-28,Thursday,6,17,1,0,5.88,59:56,https://i.ytimg.com/vi/mB2rvOIov58/maxresdefault.jpg,https://youtube.com/watch?v=mB2rvOIov58,mB2rvOIov58,"#quran #ramazan #tarjuma #tarjumaequran #muhammad A complete translation & short explanation of the Holy Quran; the Book of our only Lord; ALLAH. Please subscribe to our channel And Press the bell Button. Also, like our videos and share them with family and friends..."
79- Saad | Dora tarjuma Quran,Standalone Keynotes,Socio-Spiritual Ethics & Family,Social & Family Ethics,2024-02-26,Monday,4,17,7,0,41.18,56:29,https://i.ytimg.com/vi/B-U2mjTDwjs/maxresdefault.jpg,https://youtube.com/watch?v=B-U2mjTDwjs,B-U2mjTDwjs,"#quran #ramazan #tarjuma #tarjumaequran #muhammad A complete translation & short explanation of the Holy Quran; the Book of our only Lord; ALLAH. Please subscribe to our channel And Press the bell Button. Also, like our videos and share them with family and friends... Please subscribe to our channel And Press the bell Button. Also, like our videos and share them with family and friends..."
35- Toba R12-16/A94-129,Standalone Keynotes,Socio-Spiritual Ethics & Family,Social & Family Ethics,2023-10-30,Monday,14,17,4,0,23.53,51:36,https://i.ytimg.com/vi/HU6FTWgdlA0/maxresdefault.jpg,https://youtube.com/watch?v=HU6FTWgdlA0,HU6FTWgdlA0,"#quran #ramazan #tarjuma #tarjumaequran #muhammad A complete translation & short explanation of the Holy Quran; the Book of our only Lord; ALLAH. Please subscribe to our channel And Press the bell Button. Also, like our videos and share them with family and friends... Please subscribe to our channel And Press the bell Button. Also, like our videos and share them with family and friends..."
19- Maida R10-16/A67-120 | Dora Tarjuma Quran,Standalone Keynotes,Socio-Spiritual Ethics & Family,Social & Family Ethics,2023-08-10,Thursday,5,17,3,0,17.65,44:20,https://i.ytimg.com/vi/ytF3cNhB1pA/maxresdefault.jpg,https://youtube.com/watch?v=ytF3cNhB1pA,ytF3cNhB1pA,"#quran #ramazan #tarjuma #tarjumaequran #muhammad A complete translation & short explanation of the Holy Quran; the Book of our only Lord; ALLAH. Please subscribe to our channel And Press the bell Button. Also, like our videos and share them with family and friends... Please subscribe to our channel And Press the bell Button. Also, like our videos and share them with family and friends..."
10 Commandments | اللہ کا حق اور والدین کا حق,Standalone Keynotes,Socio-Spiritual Ethics & Family,Social & Family Ethics,2026-01-07,Wednesday,3,16,3,0,18.75,58:22,https://i.ytimg.com/vi/ZtPrpSKDBNs/maxresdefault.jpg,https://youtube.com/watch?v=ZtPrpSKDBNs,ZtPrpSKDBNs,"#quran #ramazan #tarjuma #tarjumaequran #muhammad A complete translation & short explanation of the Holy Quran; the Book of our only Lord; ALLAH. Please subscribe to our channel And Press the bell Button. Also, like our videos and share them with family and friends..."
23c. Slavery of Outer & Inner Firon. Sora Dukhan & Jasia.,Standalone Keynotes,Socio-Spiritual Ethics & Family,Social & Family Ethics,2024-04-03,Wednesday,8,16,2,0,12.5,55:43,https://i.ytimg.com/vi/v3Lz0blHWBo/maxresdefault.jpg,https://youtube.com/watch?v=v3Lz0blHWBo,v3Lz0blHWBo,"#quran #ramazan #tarjuma #tarjumaequran #muhammad A complete translation & short explanation of the Holy Quran; the Book of our only Lord; ALLAH. Please subscribe to our channel And Press the bell Button. Also, like our videos and share them with family and friends..."
13a. Grateful and Pure. Sorat Ibrahim,Standalone Keynotes,Socio-Spiritual Ethics & Family,Social & Family Ethics,2024-03-24,Sunday,4,16,3,0,18.75,56:03,https://i.ytimg.com/vi/-0PuGs-lN6I/maxresdefault.jpg,https://youtube.com/watch?v=-0PuGs-lN6I,-0PuGs-lN6I,"#quran #ramazan #tarjuma #tarjumaequran #muhammad A complete translation & short explanation of the Holy Quran; the Book of our only Lord; ALLAH. Please subscribe to our channel And Press the bell Button. Also, like our videos and share them with family and friends..."
36- Yunus R1-5/A1-53 | Dora Tarjuma Quran,Standalone Keynotes,Socio-Spiritual Ethics & Family,Social & Family Ethics,2023-11-02,Thursday,7,16,2,0,12.5,37:52,https://i.ytimg.com/vi/4ESGZC1b5e0/maxresdefault.jpg,https://youtube.com/watch?v=4ESGZC1b5e0,4ESGZC1b5e0,"#quran #ramazan #tarjuma #tarjumaequran #muhammad A complete translation & short explanation of the Holy Quran; the Book of our only Lord; ALLAH. Please subscribe to our channel And Press the bell Button. Also, like our videos and share them with family and friends... Please subscribe to our channel And Press the bell Button. Also, like our videos and share them with family and friends..."
Gaza Sea Border sealed ,General Discourse,General Public Address,Unassigned Overview Topics,2026-06-09,Tuesday,10,14,0,0,0.0,03:01,https://i.ytimg.com/vi/qlPWOhv0Xtg/maxresdefault.jpg,https://youtube.com/watch?v=qlPWOhv0Xtg,qlPWOhv0Xtg,
15c. Anbiaa 1.,Standalone Keynotes,Socio-Spiritual Ethics & Family,Social & Family Ethics,2024-03-26,Tuesday,7,14,2,0,14.29,38:41,https://i.ytimg.com/vi/THr918NbiLE/maxresdefault.jpg,https://youtube.com/watch?v=THr918NbiLE,THr918NbiLE,"#quran #ramazan #tarjuma #tarjumaequran #muhammad A complete translation & short explanation of the Holy Quran; the Book of our only Lord; ALLAH. Please subscribe to our channel And Press the bell Button. Also, like our videos and share them with family and friends..."
15b. Taha. Mosa and Firoon,Standalone Keynotes,Socio-Spiritual Ethics & Family,Social & Family Ethics,2024-03-26,Tuesday,6,14,0,0,0.0,01:09:07,https://i.ytimg.com/vi/1pNx1qPrU8c/maxresdefault.jpg,https://youtube.com/watch?v=1pNx1qPrU8c,1pNx1qPrU8c,"#quran #ramazan #tarjuma #tarjumaequran #muhammad A complete translation & short explanation of the Holy Quran; the Book of our only Lord; ALLAH. Please subscribe to our channel And Press the bell Button. Also, like our videos and share them with family and friends..."
38- Hood R1-6/A1-68 | Dora Tarjuma Quran,Standalone Keynotes,Socio-Spiritual Ethics & Family,Social & Family Ethics,2023-11-12,Sunday,6,14,3,0,21.43,54:25,https://i.ytimg.com/vi/CfJBF1db_sM/maxresdefault.jpg,https://youtube.com/watch?v=CfJBF1db_sM,CfJBF1db_sM,"#quran #ramazan #tarjuma #tarjumaequran #muhammad A complete translation & short explanation of the Holy Quran; the Book of our only Lord; ALLAH. Please subscribe to our channel And Press the bell Button. Also, like our videos and share them with family and friends... Please subscribe to our channel And Press the bell Button. Also, like our videos and share them with family and friends..."
سیرت النبی صلی اللّٰہ علیہ وسلم۔ قیامِ حج کے سفر کی داستان,Standalone Keynotes,Civilizational History & Seerah,General Discussion,2025-06-03,Tuesday,6,13,3,0,23.08,01:06:16,https://i.ytimg.com/vi/v_QerzPEU5Y/maxresdefault.jpg,https://youtube.com/watch?v=v_QerzPEU5Y,v_QerzPEU5Y,"#quran #ramazan #tarjuma #tarjumaequran #muhammad A complete translation & short explanation of the Holy Quran; the Book of our only Lord; ALLAH. Please subscribe to our channel And Press the bell Button. Also, like our videos and share them with family and friends..."
Our multi level responsibility by Sora Ahqaf,General Discourse,General Public Address,Unassigned Overview Topics,2026-06-12,Friday,7,12,3,0,25.0,09:53,https://i.ytimg.com/vi/jVEZkB-6rJw/maxresdefault.jpg,https://youtube.com/watch?v=jVEZkB-6rJw,jVEZkB-6rJw,
100- Mujadila R3/A22 | Dora Tarjuma Quran,Standalone Keynotes,Socio-Spiritual Ethics & Family,Social & Family Ethics,2024-04-09,Tuesday,3,12,1,0,8.33,22:41,https://i.ytimg.com/vi/jD4qzbZziUs/maxresdefault.jpg,https://youtube.com/watch?v=jD4qzbZziUs,jD4qzbZziUs,"#quran #ramazan #tarjuma #tarjumaequran #muhammad A complete translation & short explanation of the Holy Quran; the Book of our only Lord; ALLAH. Please subscribe to our channel And Press the bell Button. Also, like our videos and share them with family and friends..."
19a. Qasas to Ankboot. Qaroon. Patience of Sahaba,Standalone Keynotes,Civilizational History & Seerah,Companions (Sahaba),2024-03-30,Saturday,5,12,1,0,8.33,52:38,https://i.ytimg.com/vi/Sl-7nn3VcU8/maxresdefault.jpg,https://youtube.com/watch?v=Sl-7nn3VcU8,Sl-7nn3VcU8,"#quran #ramazan #tarjuma #tarjumaequran #muhammad A complete translation & short explanation of the Holy Quran; the Book of our only Lord; ALLAH. Please subscribe to our channel And Press the bell Button. Also, like our videos and share them with family and friends..."
عدل و انصاف کی جدوجہد۔ انتہائی اہم فریضہ,General Discourse,General Public Address,Unassigned Overview Topics,2025-03-14,Friday,15,11,2,2,36.36,07:46,https://i.ytimg.com/vi/VNuyf9G968k/maxresdefault.jpg,https://youtube.com/watch?v=VNuyf9G968k,VNuyf9G968k,
103- Saff R2/A14 | Dora Tarjuma Quran,Standalone Keynotes,Socio-Spiritual Ethics & Family,Social & Family Ethics,2024-04-11,Thursday,8,10,4,0,40.0,25:02,https://i.ytimg.com/vi/lxUbMY7jAZc/maxresdefault.jpg,https://youtube.com/watch?v=lxUbMY7jAZc,lxUbMY7jAZc,"#quran #ramazan #tarjuma #tarjumaequran #muhammad A complete translation & short explanation of the Holy Quran; the Book of our only Lord; ALLAH. Please subscribe to our channel And Press the bell Button. Also, like our videos and share them with family and friends..."
17c. Furqan and Slaves of Rahman,Standalone Keynotes,Socio-Spiritual Ethics & Family,Social & Family Ethics,2024-03-28,Thursday,7,10,2,0,20.0,50:51,https://i.ytimg.com/vi/XqC6-_C9Frk/maxresdefault.jpg,https://youtube.com/watch?v=XqC6-_C9Frk,XqC6-_C9Frk,"#quran #ramazan #tarjuma #tarjumaequran #muhammad A complete translation & short explanation of the Holy Quran; the Book of our only Lord; ALLAH. Please subscribe to our channel And Press the bell Button. Also, like our videos and share them with family and friends..."
قوم کے لٹیرے ہی قوم کے حکمران ,General Discourse,General Public Address,Unassigned Overview Topics,2025-11-21,Friday,5,9,3,1,44.44,05:50,https://i.ytimg.com/vi/RPGzlohlfCs/sddefault.jpg,https://youtube.com/watch?v=RPGzlohlfCs,RPGzlohlfCs,
24c. Basics of Islamic Ummah System. Hujurat,Standalone Keynotes,Socio-Spiritual Ethics & Family,Social & Family Ethics,2024-04-04,Thursday,21,9,3,0,33.33,31:42,https://i.ytimg.com/vi/S-8j_ytSohE/maxresdefault.jpg,https://youtube.com/watch?v=S-8j_ytSohE,S-8j_ytSohE,"#quran #ramazan #tarjuma #tarjumaequran #muhammad A complete translation & short explanation of the Holy Quran; the Book of our only Lord; ALLAH. Please subscribe to our channel And Press the bell Button. Also, like our videos and share them with family and friends..."
02a- Special slaves of Rahman | Quran for Guidance today,Standalone Keynotes,Socio-Spiritual Ethics & Family,Social & Family Ethics,2026-07-12,Sunday,2,8,1,0,12.5,59:33,https://i.ytimg.com/vi/6lOzG4pUxo4/maxresdefault.jpg,https://youtube.com/watch?v=6lOzG4pUxo4,6lOzG4pUxo4,"#quran #ramazan #tarjuma #tarjumaequran #muhammad A complete translation & short explanation of the Holy Quran; the Book of our only Lord; ALLAH. Please subscribe to our channel And Press the bell Button. Also, like our videos and share them with family and friends..."
Whom to read? #muhammad #imrankhan #billgates #stevejobs ,General Discourse,General Public Address,Unassigned Overview Topics,2026-02-14,Saturday,4,7,2,0,28.57,00:24,https://i.ytimg.com/vi/HVd3AXzWUmo/hqdefault.jpg,https://youtube.com/watch?v=HVd3AXzWUmo,HVd3AXzWUmo,
Feel it #gaza ,General Discourse,General Public Address,Unassigned Overview Topics,2026-02-14,Saturday,4,6,0,0,0.0,00:31,https://i.ytimg.com/vi/oS8xKI6gf_M/maxresdefault.jpg,https://youtube.com/watch?v=oS8xKI6gf_M,oS8xKI6gf_M,
Dr Hafiz Haseeb is live!,Standalone Keynotes,Socio-Spiritual Ethics & Family,Social & Family Ethics,2026-03-15,Sunday,16,0,0,0,0.0,00:00,https://i.ytimg.com/vi/ujJt_W3St5I/maxresdefault_live.jpg,https://youtube.com/watch?v=ujJt_W3St5I,ujJt_W3St5I,"#quran #ramazan #tarjuma #tarjumaequran #muhammad A complete translation & short explanation of the Holy Quran; the Book of our only Lord; ALLAH. Please subscribe to our channel And Press the bell Button. Also, like our videos and share them with family and friends..."
7. Aal e Imran,Standalone Keynotes,Socio-Spiritual Ethics & Family,Social & Family Ethics,2026-02-21,Saturday,15,0,0,0,0.0,00:00,https://i.ytimg.com/vi/Zp5rNWefB4Y/maxresdefault_live.jpg,https://youtube.com/watch?v=Zp5rNWefB4Y,Zp5rNWefB4Y,"#quran #ramazan #tarjuma #tarjumaequran #muhammad A complete translation & short explanation of the Holy Quran; the Book of our only Lord; ALLAH. Please subscribe to our channel And Press the bell Button. Also, like our videos and share them with family and friends..."
Tarjuma e Quran 2026,Standalone Keynotes,Socio-Spiritual Ethics & Family,Social & Family Ethics,2026-02-18,Wednesday,14,0,1,0,0.0,00:00,https://i.ytimg.com/vi/Lq3aU3TIrIY/maxresdefault_live.jpg,https://youtube.com/watch?v=Lq3aU3TIrIY,Lq3aU3TIrIY,"#quran #ramazan #tarjuma #tarjumaequran #muhammad A complete translation & short explanation of the Holy Quran; the Book of our only Lord; ALLAH. Please subscribe to our channel And Press the bell Button. Also, like our videos and share them with family and friends..."
1. Sorat Fatiha & Baqara # Dora Quran 2026,Standalone Keynotes,Civilizational History & Seerah,Prophetic Era (Seerah),2026-02-15,Sunday,2,0,0,0,0.0,00:00,https://i.ytimg.com/vi/P5nE1i1m2mQ/maxresdefault_live.jpg,https://youtube.com/watch?v=P5nE1i1m2mQ,P5nE1i1m2mQ,"#quran #ramazan #tarjuma #tarjumaequran #muhammad A complete translation & short explanation of the Holy Quran; the Book of our only Lord; ALLAH. Please subscribe to our channel And Press the bell Button. Also, like our videos and share them with family and friends..."
